Feature,True Positive,False Positive,True Negative,False Negative
ADCY5_GRCh37_3:123044275-123044275_MissenseMutationSNP-C-C-T_MissenseMutationSNP-C-T-T,2,0,192,30
ATP1A1_GRCh37_1:116932065-116932065_SilentSNP-C-C-T_SilentSNP-C-C-A,2,0,192,30
GRB14_GRCh37_2:165365288-165365296_InFrameDelDEL-TTTTTTTTT----,7,1,191,25
MBD4_GRCh37_3:129155548-129155557_FrameShiftDelDEL-TTTTTTTTTT----,6,2,190,26
MSH6_GRCh37_2:48030640-48030647_FrameShiftDelDEL-CCCCCCCC----,3,0,192,29
PRDM2_GRCh37_1:14108749-14108757_InFrameDelDEL-AAAAAAAAA----,5,1,191,27
HMMR_GRCh37_5:162917426-162917434_InFrameDelDEL-AAAAAAAAA----,5,1,191,27
SEC63_GRCh37_6:108214755-108214764_FrameShiftDelDEL-TTTTTTTTTT----,8,3,189,24
APAF1_GRCh37_12:99071207-99071208_FrameShiftDelDEL-AA-AA--_FrameShiftInsINS-----A,2,0,192,30
COL17A1_GRCh37_10:105798223-105798223_MissenseMutationSNP-G-G-A_MissenseMutationSNP-G-A-A,2,0,192,30
RBFOX2_GRCh37_22:36156026-36156026_MissenseMutationSNP-C-C-T_MissenseMutationSNP-C-T-T,2,0,192,30
CASP5_GRCh37_11:104878041-104878050_FrameShiftDelDEL-TTTTTTTTTT----,3,4,188,29
ADAMTS3_GRCh37_4:73176816-73176816_SilentSNP-C-C-T_SilentSNP-C-T-T,2,1,191,30
OR2D3_GRCh37_11:6942839-6942839_MissenseMutationSNP-C-A-A_SilentSNP-C-T-T,2,0,192,30
GABRA5_GRCh37_15:27128584-27128584_MissenseMutationSNP-G-A-A,2,0,192,30
PPP6C_GRCh37_9:127911967-127911967_SilentSNP-C-T-T,2,0,192,30
CRB1_GRCh37_1:197390428-197390428_SilentSNP-C-T-T,2,1,191,30
TBC1D10C_GRCh37_11:67176565-67176565_FrameShiftDelDEL-C----,2,0,192,30
SLITRK1_GRCh37_13:84455253-84455253_SilentSNP-G-A-A_SilentSNP-G-G-A,2,0,192,30
RTP2_GRCh37_3:187416388-187416388_SilentSNP-G-A-A_SilentSNP-G-G-A,2,0,192,30
