if this mutation occurs,then this mutation occurs,support,confidence,s*c,count
TGFBR2_GRCh37_3:30691872-30691881_Frame-Shift-Del-DEL-AAAAAAAAAA----,ACVR2A_GRCh37_2:148683686-148683693_Frame-Shift-Del-DEL-AAAAAAAA----,0.3125,0.9090909090909091,0.28409090909090906,10
ACVR2A_GRCh37_2:148683686-148683693_Frame-Shift-Del-DEL-AAAAAAAA----,TGFBR2_GRCh37_3:30691872-30691881_Frame-Shift-Del-DEL-AAAAAAAAAA----,0.3125,0.8333333333333334,0.2604166666666667,10
ACVR2A_GRCh37_2:148683686-148683693_Frame-Shift-Del-DEL-AAAAAAAA---- and TGFBR2_GRCh37_3:30691872-30691881_Frame-Shift-Del-DEL-AAAAAAAAAA----,BRAF_GRCh37_7:140453136-140453136_Missense-Mutation-SNP-A-A-T_Missense-Mutation-SNP-A-T-T,0.21875,0.7,0.15312499999999998,7
TGFBR2_GRCh37_3:30691872-30691881_Frame-Shift-Del-DEL-AAAAAAAAAA---- and ACVR2A_GRCh37_2:148683686-148683693_Frame-Shift-Del-DEL-AAAAAAAA----,BRAF_GRCh37_7:140453136-140453136_Missense-Mutation-SNP-A-A-T_Missense-Mutation-SNP-A-T-T,0.21875,0.7,0.15312499999999998,7
AIM2_GRCh37_1:159032487-159032496_Frame-Shift-Del-DEL-TTTTTTTTTT----,BRAF_GRCh37_7:140453136-140453136_Missense-Mutation-SNP-A-A-T_Missense-Mutation-SNP-A-T-T,0.1875,1.0,0.1875,6
BRAF_GRCh37_7:140453136-140453136_Missense-Mutation-SNP-A-A-T_Missense-Mutation-SNP-A-T-T,AIM2_GRCh37_1:159032487-159032496_Frame-Shift-Del-DEL-TTTTTTTTTT----,0.1875,0.375,0.0703125,6
ACVR2A_GRCh37_2:148683686-148683693_Frame-Shift-Del-DEL-AAAAAAAA---- and TGFBR2_GRCh37_3:30691872-30691881_Frame-Shift-Del-DEL-AAAAAAAAAA----,MSH3_GRCh37_5:79970915-79970922_Frame-Shift-Del-DEL-AAAAAAAA----,0.15625,0.5,0.078125,5
ACVR2A_GRCh37_2:148683686-148683693_Frame-Shift-Del-DEL-AAAAAAAA---- and TGFBR2_GRCh37_3:30691872-30691881_Frame-Shift-Del-DEL-AAAAAAAAAA----,GRB14_GRCh37_2:165365288-165365296_In-Frame-Del-DEL-TTTTTTTTT----,0.15625,0.5,0.078125,5
TGFBR2_GRCh37_3:30691872-30691881_Frame-Shift-Del-DEL-AAAAAAAAAA---- and ACVR2A_GRCh37_2:148683686-148683693_Frame-Shift-Del-DEL-AAAAAAAA----,MSH3_GRCh37_5:79970915-79970922_Frame-Shift-Del-DEL-AAAAAAAA----,0.15625,0.5,0.078125,5
TGFBR2_GRCh37_3:30691872-30691881_Frame-Shift-Del-DEL-AAAAAAAAAA---- and ACVR2A_GRCh37_2:148683686-148683693_Frame-Shift-Del-DEL-AAAAAAAA----,GRB14_GRCh37_2:165365288-165365296_In-Frame-Del-DEL-TTTTTTTTT----,0.15625,0.5,0.078125,5
TCF7L2_GRCh37_10:114925317-114925325_In-Frame-Del-DEL-AAAAAAAAA----,AIM2_GRCh37_1:159032487-159032496_Frame-Shift-Del-DEL-TTTTTTTTTT----,0.125,1.0,0.125,4
TCF7L2_GRCh37_10:114925317-114925325_In-Frame-Del-DEL-AAAAAAAAA----,TGFBR2_GRCh37_3:30691872-30691881_Frame-Shift-Del-DEL-AAAAAAAAAA----,0.125,1.0,0.125,4
ATR_GRCh37_3:142274740-142274749_Frame-Shift-Del-DEL-TTTTTTTTTT----,ACVR2A_GRCh37_2:148683686-148683693_Frame-Shift-Del-DEL-AAAAAAAA----,0.125,1.0,0.125,4
TCF7L2_GRCh37_10:114925317-114925325_In-Frame-Del-DEL-AAAAAAAAA----,ACVR2A_GRCh37_2:148683686-148683693_Frame-Shift-Del-DEL-AAAAAAAA----,0.125,1.0,0.125,4
AIM2_GRCh37_1:159032487-159032496_Frame-Shift-Del-DEL-TTTTTTTTTT---- and TCF7L2_GRCh37_10:114925317-114925325_In-Frame-Del-DEL-AAAAAAAAA----,TGFBR2_GRCh37_3:30691872-30691881_Frame-Shift-Del-DEL-AAAAAAAAAA----,0.125,1.0,0.125,4
AIM2_GRCh37_1:159032487-159032496_Frame-Shift-Del-DEL-TTTTTTTTTT---- and TCF7L2_GRCh37_10:114925317-114925325_In-Frame-Del-DEL-AAAAAAAAA----,BRAF_GRCh37_7:140453136-140453136_Missense-Mutation-SNP-A-A-T_Missense-Mutation-SNP-A-T-T,0.125,1.0,0.125,4
TCF7L2_GRCh37_10:114925317-114925325_In-Frame-Del-DEL-AAAAAAAAA---- and AIM2_GRCh37_1:159032487-159032496_Frame-Shift-Del-DEL-TTTTTTTTTT----,TGFBR2_GRCh37_3:30691872-30691881_Frame-Shift-Del-DEL-AAAAAAAAAA----,0.125,1.0,0.125,4
TCF7L2_GRCh37_10:114925317-114925325_In-Frame-Del-DEL-AAAAAAAAA---- and AIM2_GRCh37_1:159032487-159032496_Frame-Shift-Del-DEL-TTTTTTTTTT----,BRAF_GRCh37_7:140453136-140453136_Missense-Mutation-SNP-A-A-T_Missense-Mutation-SNP-A-T-T,0.125,1.0,0.125,4
TGFBR2_GRCh37_3:30691872-30691881_Frame-Shift-Del-DEL-AAAAAAAAAA---- and TCF7L2_GRCh37_10:114925317-114925325_In-Frame-Del-DEL-AAAAAAAAA----,AIM2_GRCh37_1:159032487-159032496_Frame-Shift-Del-DEL-TTTTTTTTTT----,0.125,1.0,0.125,4
TGFBR2_GRCh37_3:30691872-30691881_Frame-Shift-Del-DEL-AAAAAAAAAA---- and TCF7L2_GRCh37_10:114925317-114925325_In-Frame-Del-DEL-AAAAAAAAA----,BRAF_GRCh37_7:140453136-140453136_Missense-Mutation-SNP-A-A-T_Missense-Mutation-SNP-A-T-T,0.125,1.0,0.125,4
TCF7L2_GRCh37_10:114925317-114925325_In-Frame-Del-DEL-AAAAAAAAA---- and TGFBR2_GRCh37_3:30691872-30691881_Frame-Shift-Del-DEL-AAAAAAAAAA----,AIM2_GRCh37_1:159032487-159032496_Frame-Shift-Del-DEL-TTTTTTTTTT----,0.125,1.0,0.125,4
TCF7L2_GRCh37_10:114925317-114925325_In-Frame-Del-DEL-AAAAAAAAA---- and TGFBR2_GRCh37_3:30691872-30691881_Frame-Shift-Del-DEL-AAAAAAAAAA----,BRAF_GRCh37_7:140453136-140453136_Missense-Mutation-SNP-A-A-T_Missense-Mutation-SNP-A-T-T,0.125,1.0,0.125,4
ACVR2A_GRCh37_2:148683686-148683693_Frame-Shift-Del-DEL-AAAAAAAA---- and TCF7L2_GRCh37_10:114925317-114925325_In-Frame-Del-DEL-AAAAAAAAA----,TGFBR2_GRCh37_3:30691872-30691881_Frame-Shift-Del-DEL-AAAAAAAAAA----,0.125,1.0,0.125,4
ACVR2A_GRCh37_2:148683686-148683693_Frame-Shift-Del-DEL-AAAAAAAA---- and TCF7L2_GRCh37_10:114925317-114925325_In-Frame-Del-DEL-AAAAAAAAA----,AIM2_GRCh37_1:159032487-159032496_Frame-Shift-Del-DEL-TTTTTTTTTT----,0.125,1.0,0.125,4
ACVR2A_GRCh37_2:148683686-148683693_Frame-Shift-Del-DEL-AAAAAAAA---- and TCF7L2_GRCh37_10:114925317-114925325_In-Frame-Del-DEL-AAAAAAAAA----,BRAF_GRCh37_7:140453136-140453136_Missense-Mutation-SNP-A-A-T_Missense-Mutation-SNP-A-T-T,0.125,1.0,0.125,4
TCF7L2_GRCh37_10:114925317-114925325_In-Frame-Del-DEL-AAAAAAAAA---- and ACVR2A_GRCh37_2:148683686-148683693_Frame-Shift-Del-DEL-AAAAAAAA----,TGFBR2_GRCh37_3:30691872-30691881_Frame-Shift-Del-DEL-AAAAAAAAAA----,0.125,1.0,0.125,4
TCF7L2_GRCh37_10:114925317-114925325_In-Frame-Del-DEL-AAAAAAAAA---- and ACVR2A_GRCh37_2:148683686-148683693_Frame-Shift-Del-DEL-AAAAAAAA----,AIM2_GRCh37_1:159032487-159032496_Frame-Shift-Del-DEL-TTTTTTTTTT----,0.125,1.0,0.125,4
TCF7L2_GRCh37_10:114925317-114925325_In-Frame-Del-DEL-AAAAAAAAA---- and ACVR2A_GRCh37_2:148683686-148683693_Frame-Shift-Del-DEL-AAAAAAAA----,BRAF_GRCh37_7:140453136-140453136_Missense-Mutation-SNP-A-A-T_Missense-Mutation-SNP-A-T-T,0.125,1.0,0.125,4
ACVR2A_GRCh37_2:148683686-148683693_Frame-Shift-Del-DEL-AAAAAAAA---- and TGFBR2_GRCh37_3:30691872-30691881_Frame-Shift-Del-DEL-AAAAAAAAAA---- and AIM2_GRCh37_1:159032487-159032496_Frame-Shift-Del-DEL-TTTTTTTTTT----,TCF7L2_GRCh37_10:114925317-114925325_In-Frame-Del-DEL-AAAAAAAAA----,0.125,1.0,0.125,4
ACVR2A_GRCh37_2:148683686-148683693_Frame-Shift-Del-DEL-AAAAAAAA---- and TGFBR2_GRCh37_3:30691872-30691881_Frame-Shift-Del-DEL-AAAAAAAAAA---- and AIM2_GRCh37_1:159032487-159032496_Frame-Shift-Del-DEL-TTTTTTTTTT----,BRAF_GRCh37_7:140453136-140453136_Missense-Mutation-SNP-A-A-T_Missense-Mutation-SNP-A-T-T,0.125,1.0,0.125,4
ACVR2A_GRCh37_2:148683686-148683693_Frame-Shift-Del-DEL-AAAAAAAA---- and TGFBR2_GRCh37_3:30691872-30691881_Frame-Shift-Del-DEL-AAAAAAAAAA---- and TCF7L2_GRCh37_10:114925317-114925325_In-Frame-Del-DEL-AAAAAAAAA----,AIM2_GRCh37_1:159032487-159032496_Frame-Shift-Del-DEL-TTTTTTTTTT----,0.125,1.0,0.125,4
ACVR2A_GRCh37_2:148683686-148683693_Frame-Shift-Del-DEL-AAAAAAAA---- and TGFBR2_GRCh37_3:30691872-30691881_Frame-Shift-Del-DEL-AAAAAAAAAA---- and TCF7L2_GRCh37_10:114925317-114925325_In-Frame-Del-DEL-AAAAAAAAA----,BRAF_GRCh37_7:140453136-140453136_Missense-Mutation-SNP-A-A-T_Missense-Mutation-SNP-A-T-T,0.125,1.0,0.125,4
TGFBR2_GRCh37_3:30691872-30691881_Frame-Shift-Del-DEL-AAAAAAAAAA---- and ACVR2A_GRCh37_2:148683686-148683693_Frame-Shift-Del-DEL-AAAAAAAA---- and AIM2_GRCh37_1:159032487-159032496_Frame-Shift-Del-DEL-TTTTTTTTTT----,TCF7L2_GRCh37_10:114925317-114925325_In-Frame-Del-DEL-AAAAAAAAA----,0.125,1.0,0.125,4
TGFBR2_GRCh37_3:30691872-30691881_Frame-Shift-Del-DEL-AAAAAAAAAA---- and ACVR2A_GRCh37_2:148683686-148683693_Frame-Shift-Del-DEL-AAAAAAAA---- and AIM2_GRCh37_1:159032487-159032496_Frame-Shift-Del-DEL-TTTTTTTTTT----,BRAF_GRCh37_7:140453136-140453136_Missense-Mutation-SNP-A-A-T_Missense-Mutation-SNP-A-T-T,0.125,1.0,0.125,4
TGFBR2_GRCh37_3:30691872-30691881_Frame-Shift-Del-DEL-AAAAAAAAAA---- and ACVR2A_GRCh37_2:148683686-148683693_Frame-Shift-Del-DEL-AAAAAAAA---- and TCF7L2_GRCh37_10:114925317-114925325_In-Frame-Del-DEL-AAAAAAAAA----,AIM2_GRCh37_1:159032487-159032496_Frame-Shift-Del-DEL-TTTTTTTTTT----,0.125,1.0,0.125,4
TGFBR2_GRCh37_3:30691872-30691881_Frame-Shift-Del-DEL-AAAAAAAAAA---- and ACVR2A_GRCh37_2:148683686-148683693_Frame-Shift-Del-DEL-AAAAAAAA---- and TCF7L2_GRCh37_10:114925317-114925325_In-Frame-Del-DEL-AAAAAAAAA----,BRAF_GRCh37_7:140453136-140453136_Missense-Mutation-SNP-A-A-T_Missense-Mutation-SNP-A-T-T,0.125,1.0,0.125,4
AIM2_GRCh37_1:159032487-159032496_Frame-Shift-Del-DEL-TTTTTTTTTT---- and TCF7L2_GRCh37_10:114925317-114925325_In-Frame-Del-DEL-AAAAAAAAA---- and TGFBR2_GRCh37_3:30691872-30691881_Frame-Shift-Del-DEL-AAAAAAAAAA----,BRAF_GRCh37_7:140453136-140453136_Missense-Mutation-SNP-A-A-T_Missense-Mutation-SNP-A-T-T,0.125,1.0,0.125,4
AIM2_GRCh37_1:159032487-159032496_Frame-Shift-Del-DEL-TTTTTTTTTT---- and TCF7L2_GRCh37_10:114925317-114925325_In-Frame-Del-DEL-AAAAAAAAA---- and BRAF_GRCh37_7:140453136-140453136_Missense-Mutation-SNP-A-A-T_Missense-Mutation-SNP-A-T-T,TGFBR2_GRCh37_3:30691872-30691881_Frame-Shift-Del-DEL-AAAAAAAAAA----,0.125,1.0,0.125,4
TCF7L2_GRCh37_10:114925317-114925325_In-Frame-Del-DEL-AAAAAAAAA---- and AIM2_GRCh37_1:159032487-159032496_Frame-Shift-Del-DEL-TTTTTTTTTT---- and TGFBR2_GRCh37_3:30691872-30691881_Frame-Shift-Del-DEL-AAAAAAAAAA----,BRAF_GRCh37_7:140453136-140453136_Missense-Mutation-SNP-A-A-T_Missense-Mutation-SNP-A-T-T,0.125,1.0,0.125,4
TCF7L2_GRCh37_10:114925317-114925325_In-Frame-Del-DEL-AAAAAAAAA---- and AIM2_GRCh37_1:159032487-159032496_Frame-Shift-Del-DEL-TTTTTTTTTT---- and BRAF_GRCh37_7:140453136-140453136_Missense-Mutation-SNP-A-A-T_Missense-Mutation-SNP-A-T-T,TGFBR2_GRCh37_3:30691872-30691881_Frame-Shift-Del-DEL-AAAAAAAAAA----,0.125,1.0,0.125,4
TGFBR2_GRCh37_3:30691872-30691881_Frame-Shift-Del-DEL-AAAAAAAAAA---- and TCF7L2_GRCh37_10:114925317-114925325_In-Frame-Del-DEL-AAAAAAAAA---- and AIM2_GRCh37_1:159032487-159032496_Frame-Shift-Del-DEL-TTTTTTTTTT----,BRAF_GRCh37_7:140453136-140453136_Missense-Mutation-SNP-A-A-T_Missense-Mutation-SNP-A-T-T,0.125,1.0,0.125,4
TGFBR2_GRCh37_3:30691872-30691881_Frame-Shift-Del-DEL-AAAAAAAAAA---- and TCF7L2_GRCh37_10:114925317-114925325_In-Frame-Del-DEL-AAAAAAAAA---- and BRAF_GRCh37_7:140453136-140453136_Missense-Mutation-SNP-A-A-T_Missense-Mutation-SNP-A-T-T,AIM2_GRCh37_1:159032487-159032496_Frame-Shift-Del-DEL-TTTTTTTTTT----,0.125,1.0,0.125,4
TCF7L2_GRCh37_10:114925317-114925325_In-Frame-Del-DEL-AAAAAAAAA---- and TGFBR2_GRCh37_3:30691872-30691881_Frame-Shift-Del-DEL-AAAAAAAAAA---- and AIM2_GRCh37_1:159032487-159032496_Frame-Shift-Del-DEL-TTTTTTTTTT----,BRAF_GRCh37_7:140453136-140453136_Missense-Mutation-SNP-A-A-T_Missense-Mutation-SNP-A-T-T,0.125,1.0,0.125,4
TCF7L2_GRCh37_10:114925317-114925325_In-Frame-Del-DEL-AAAAAAAAA---- and TGFBR2_GRCh37_3:30691872-30691881_Frame-Shift-Del-DEL-AAAAAAAAAA---- and BRAF_GRCh37_7:140453136-140453136_Missense-Mutation-SNP-A-A-T_Missense-Mutation-SNP-A-T-T,AIM2_GRCh37_1:159032487-159032496_Frame-Shift-Del-DEL-TTTTTTTTTT----,0.125,1.0,0.125,4
ACVR2A_GRCh37_2:148683686-148683693_Frame-Shift-Del-DEL-AAAAAAAA---- and TCF7L2_GRCh37_10:114925317-114925325_In-Frame-Del-DEL-AAAAAAAAA---- and TGFBR2_GRCh37_3:30691872-30691881_Frame-Shift-Del-DEL-AAAAAAAAAA----,AIM2_GRCh37_1:159032487-159032496_Frame-Shift-Del-DEL-TTTTTTTTTT----,0.125,1.0,0.125,4
ACVR2A_GRCh37_2:148683686-148683693_Frame-Shift-Del-DEL-AAAAAAAA---- and TCF7L2_GRCh37_10:114925317-114925325_In-Frame-Del-DEL-AAAAAAAAA---- and TGFBR2_GRCh37_3:30691872-30691881_Frame-Shift-Del-DEL-AAAAAAAAAA----,BRAF_GRCh37_7:140453136-140453136_Missense-Mutation-SNP-A-A-T_Missense-Mutation-SNP-A-T-T,0.125,1.0,0.125,4
ACVR2A_GRCh37_2:148683686-148683693_Frame-Shift-Del-DEL-AAAAAAAA---- and TCF7L2_GRCh37_10:114925317-114925325_In-Frame-Del-DEL-AAAAAAAAA---- and AIM2_GRCh37_1:159032487-159032496_Frame-Shift-Del-DEL-TTTTTTTTTT----,TGFBR2_GRCh37_3:30691872-30691881_Frame-Shift-Del-DEL-AAAAAAAAAA----,0.125,1.0,0.125,4
ACVR2A_GRCh37_2:148683686-148683693_Frame-Shift-Del-DEL-AAAAAAAA---- and TCF7L2_GRCh37_10:114925317-114925325_In-Frame-Del-DEL-AAAAAAAAA---- and AIM2_GRCh37_1:159032487-159032496_Frame-Shift-Del-DEL-TTTTTTTTTT----,BRAF_GRCh37_7:140453136-140453136_Missense-Mutation-SNP-A-A-T_Missense-Mutation-SNP-A-T-T,0.125,1.0,0.125,4
ACVR2A_GRCh37_2:148683686-148683693_Frame-Shift-Del-DEL-AAAAAAAA---- and TCF7L2_GRCh37_10:114925317-114925325_In-Frame-Del-DEL-AAAAAAAAA---- and BRAF_GRCh37_7:140453136-140453136_Missense-Mutation-SNP-A-A-T_Missense-Mutation-SNP-A-T-T,TGFBR2_GRCh37_3:30691872-30691881_Frame-Shift-Del-DEL-AAAAAAAAAA----,0.125,1.0,0.125,4
ACVR2A_GRCh37_2:148683686-148683693_Frame-Shift-Del-DEL-AAAAAAAA---- and TCF7L2_GRCh37_10:114925317-114925325_In-Frame-Del-DEL-AAAAAAAAA---- and BRAF_GRCh37_7:140453136-140453136_Missense-Mutation-SNP-A-A-T_Missense-Mutation-SNP-A-T-T,AIM2_GRCh37_1:159032487-159032496_Frame-Shift-Del-DEL-TTTTTTTTTT----,0.125,1.0,0.125,4
TCF7L2_GRCh37_10:114925317-114925325_In-Frame-Del-DEL-AAAAAAAAA---- and ACVR2A_GRCh37_2:148683686-148683693_Frame-Shift-Del-DEL-AAAAAAAA---- and TGFBR2_GRCh37_3:30691872-30691881_Frame-Shift-Del-DEL-AAAAAAAAAA----,AIM2_GRCh37_1:159032487-159032496_Frame-Shift-Del-DEL-TTTTTTTTTT----,0.125,1.0,0.125,4
TCF7L2_GRCh37_10:114925317-114925325_In-Frame-Del-DEL-AAAAAAAAA---- and ACVR2A_GRCh37_2:148683686-148683693_Frame-Shift-Del-DEL-AAAAAAAA---- and TGFBR2_GRCh37_3:30691872-30691881_Frame-Shift-Del-DEL-AAAAAAAAAA----,BRAF_GRCh37_7:140453136-140453136_Missense-Mutation-SNP-A-A-T_Missense-Mutation-SNP-A-T-T,0.125,1.0,0.125,4
TCF7L2_GRCh37_10:114925317-114925325_In-Frame-Del-DEL-AAAAAAAAA---- and ACVR2A_GRCh37_2:148683686-148683693_Frame-Shift-Del-DEL-AAAAAAAA---- and AIM2_GRCh37_1:159032487-159032496_Frame-Shift-Del-DEL-TTTTTTTTTT----,TGFBR2_GRCh37_3:30691872-30691881_Frame-Shift-Del-DEL-AAAAAAAAAA----,0.125,1.0,0.125,4
TCF7L2_GRCh37_10:114925317-114925325_In-Frame-Del-DEL-AAAAAAAAA---- and ACVR2A_GRCh37_2:148683686-148683693_Frame-Shift-Del-DEL-AAAAAAAA---- and AIM2_GRCh37_1:159032487-159032496_Frame-Shift-Del-DEL-TTTTTTTTTT----,BRAF_GRCh37_7:140453136-140453136_Missense-Mutation-SNP-A-A-T_Missense-Mutation-SNP-A-T-T,0.125,1.0,0.125,4
TCF7L2_GRCh37_10:114925317-114925325_In-Frame-Del-DEL-AAAAAAAAA---- and ACVR2A_GRCh37_2:148683686-148683693_Frame-Shift-Del-DEL-AAAAAAAA---- and BRAF_GRCh37_7:140453136-140453136_Missense-Mutation-SNP-A-A-T_Missense-Mutation-SNP-A-T-T,TGFBR2_GRCh37_3:30691872-30691881_Frame-Shift-Del-DEL-AAAAAAAAAA----,0.125,1.0,0.125,4
TCF7L2_GRCh37_10:114925317-114925325_In-Frame-Del-DEL-AAAAAAAAA---- and ACVR2A_GRCh37_2:148683686-148683693_Frame-Shift-Del-DEL-AAAAAAAA---- and BRAF_GRCh37_7:140453136-140453136_Missense-Mutation-SNP-A-A-T_Missense-Mutation-SNP-A-T-T,AIM2_GRCh37_1:159032487-159032496_Frame-Shift-Del-DEL-TTTTTTTTTT----,0.125,1.0,0.125,4
BRAF_GRCh37_7:140453136-140453136_Missense-Mutation-SNP-A-A-T_Missense-Mutation-SNP-A-T-T and AIM2_GRCh37_1:159032487-159032496_Frame-Shift-Del-DEL-TTTTTTTTTT---- and TGFBR2_GRCh37_3:30691872-30691881_Frame-Shift-Del-DEL-AAAAAAAAAA----,TCF7L2_GRCh37_10:114925317-114925325_In-Frame-Del-DEL-AAAAAAAAA----,0.125,1.0,0.125,4
BRAF_GRCh37_7:140453136-140453136_Missense-Mutation-SNP-A-A-T_Missense-Mutation-SNP-A-T-T and AIM2_GRCh37_1:159032487-159032496_Frame-Shift-Del-DEL-TTTTTTTTTT---- and TCF7L2_GRCh37_10:114925317-114925325_In-Frame-Del-DEL-AAAAAAAAA----,TGFBR2_GRCh37_3:30691872-30691881_Frame-Shift-Del-DEL-AAAAAAAAAA----,0.125,1.0,0.125,4
AIM2_GRCh37_1:159032487-159032496_Frame-Shift-Del-DEL-TTTTTTTTTT---- and BRAF_GRCh37_7:140453136-140453136_Missense-Mutation-SNP-A-A-T_Missense-Mutation-SNP-A-T-T and TGFBR2_GRCh37_3:30691872-30691881_Frame-Shift-Del-DEL-AAAAAAAAAA----,TCF7L2_GRCh37_10:114925317-114925325_In-Frame-Del-DEL-AAAAAAAAA----,0.125,1.0,0.125,4
AIM2_GRCh37_1:159032487-159032496_Frame-Shift-Del-DEL-TTTTTTTTTT---- and BRAF_GRCh37_7:140453136-140453136_Missense-Mutation-SNP-A-A-T_Missense-Mutation-SNP-A-T-T and TCF7L2_GRCh37_10:114925317-114925325_In-Frame-Del-DEL-AAAAAAAAA----,TGFBR2_GRCh37_3:30691872-30691881_Frame-Shift-Del-DEL-AAAAAAAAAA----,0.125,1.0,0.125,4
HMMR_GRCh37_5:162917426-162917434_In-Frame-Del-DEL-AAAAAAAAA----,MSH3_GRCh37_5:79970915-79970922_Frame-Shift-Del-DEL-AAAAAAAA----,0.125,0.8,0.1,4
ACVR2A_GRCh37_2:148683686-148683693_Frame-Shift-Del-DEL-AAAAAAAA---- and TGFBR2_GRCh37_3:30691872-30691881_Frame-Shift-Del-DEL-AAAAAAAAAA---- and MSH3_GRCh37_5:79970915-79970922_Frame-Shift-Del-DEL-AAAAAAAA----,BRAF_GRCh37_7:140453136-140453136_Missense-Mutation-SNP-A-A-T_Missense-Mutation-SNP-A-T-T,0.125,0.8,0.1,4
TGFBR2_GRCh37_3:30691872-30691881_Frame-Shift-Del-DEL-AAAAAAAAAA---- and ACVR2A_GRCh37_2:148683686-148683693_Frame-Shift-Del-DEL-AAAAAAAA---- and MSH3_GRCh37_5:79970915-79970922_Frame-Shift-Del-DEL-AAAAAAAA----,BRAF_GRCh37_7:140453136-140453136_Missense-Mutation-SNP-A-A-T_Missense-Mutation-SNP-A-T-T,0.125,0.8,0.1,4
AIM2_GRCh37_1:159032487-159032496_Frame-Shift-Del-DEL-TTTTTTTTTT----,TCF7L2_GRCh37_10:114925317-114925325_In-Frame-Del-DEL-AAAAAAAAA----,0.125,0.6666666666666666,0.08333333333333333,4
MBD4_GRCh37_3:129155548-129155557_Frame-Shift-Del-DEL-TTTTTTTTTT----,GRB14_GRCh37_2:165365288-165365296_In-Frame-Del-DEL-TTTTTTTTT----,0.125,0.6666666666666666,0.08333333333333333,4
BRAF_GRCh37_7:140453136-140453136_Missense-Mutation-SNP-A-A-T_Missense-Mutation-SNP-A-T-T and AIM2_GRCh37_1:159032487-159032496_Frame-Shift-Del-DEL-TTTTTTTTTT----,TGFBR2_GRCh37_3:30691872-30691881_Frame-Shift-Del-DEL-AAAAAAAAAA----,0.125,0.6666666666666666,0.08333333333333333,4
BRAF_GRCh37_7:140453136-140453136_Missense-Mutation-SNP-A-A-T_Missense-Mutation-SNP-A-T-T and AIM2_GRCh37_1:159032487-159032496_Frame-Shift-Del-DEL-TTTTTTTTTT----,TCF7L2_GRCh37_10:114925317-114925325_In-Frame-Del-DEL-AAAAAAAAA----,0.125,0.6666666666666666,0.08333333333333333,4
BRAF_GRCh37_7:140453136-140453136_Missense-Mutation-SNP-A-A-T_Missense-Mutation-SNP-A-T-T and AIM2_GRCh37_1:159032487-159032496_Frame-Shift-Del-DEL-TTTTTTTTTT----,MSH3_GRCh37_5:79970915-79970922_Frame-Shift-Del-DEL-AAAAAAAA----,0.125,0.6666666666666666,0.08333333333333333,4
AIM2_GRCh37_1:159032487-159032496_Frame-Shift-Del-DEL-TTTTTTTTTT---- and BRAF_GRCh37_7:140453136-140453136_Missense-Mutation-SNP-A-A-T_Missense-Mutation-SNP-A-T-T,TGFBR2_GRCh37_3:30691872-30691881_Frame-Shift-Del-DEL-AAAAAAAAAA----,0.125,0.6666666666666666,0.08333333333333333,4
AIM2_GRCh37_1:159032487-159032496_Frame-Shift-Del-DEL-TTTTTTTTTT---- and BRAF_GRCh37_7:140453136-140453136_Missense-Mutation-SNP-A-A-T_Missense-Mutation-SNP-A-T-T,TCF7L2_GRCh37_10:114925317-114925325_In-Frame-Del-DEL-AAAAAAAAA----,0.125,0.6666666666666666,0.08333333333333333,4
AIM2_GRCh37_1:159032487-159032496_Frame-Shift-Del-DEL-TTTTTTTTTT---- and BRAF_GRCh37_7:140453136-140453136_Missense-Mutation-SNP-A-A-T_Missense-Mutation-SNP-A-T-T,MSH3_GRCh37_5:79970915-79970922_Frame-Shift-Del-DEL-AAAAAAAA----,0.125,0.6666666666666666,0.08333333333333333,4
GRB14_GRCh37_2:165365288-165365296_In-Frame-Del-DEL-TTTTTTTTT----,MBD4_GRCh37_3:129155548-129155557_Frame-Shift-Del-DEL-TTTTTTTTTT----,0.125,0.5714285714285714,0.07142857142857142,4
ACVR2A_GRCh37_2:148683686-148683693_Frame-Shift-Del-DEL-AAAAAAAA---- and TGFBR2_GRCh37_3:30691872-30691881_Frame-Shift-Del-DEL-AAAAAAAAAA---- and BRAF_GRCh37_7:140453136-140453136_Missense-Mutation-SNP-A-A-T_Missense-Mutation-SNP-A-T-T,AIM2_GRCh37_1:159032487-159032496_Frame-Shift-Del-DEL-TTTTTTTTTT----,0.125,0.5714285714285714,0.07142857142857142,4
ACVR2A_GRCh37_2:148683686-148683693_Frame-Shift-Del-DEL-AAAAAAAA---- and TGFBR2_GRCh37_3:30691872-30691881_Frame-Shift-Del-DEL-AAAAAAAAAA---- and BRAF_GRCh37_7:140453136-140453136_Missense-Mutation-SNP-A-A-T_Missense-Mutation-SNP-A-T-T,TCF7L2_GRCh37_10:114925317-114925325_In-Frame-Del-DEL-AAAAAAAAA----,0.125,0.5714285714285714,0.07142857142857142,4
ACVR2A_GRCh37_2:148683686-148683693_Frame-Shift-Del-DEL-AAAAAAAA---- and TGFBR2_GRCh37_3:30691872-30691881_Frame-Shift-Del-DEL-AAAAAAAAAA---- and BRAF_GRCh37_7:140453136-140453136_Missense-Mutation-SNP-A-A-T_Missense-Mutation-SNP-A-T-T,MSH3_GRCh37_5:79970915-79970922_Frame-Shift-Del-DEL-AAAAAAAA----,0.125,0.5714285714285714,0.07142857142857142,4
TGFBR2_GRCh37_3:30691872-30691881_Frame-Shift-Del-DEL-AAAAAAAAAA---- and ACVR2A_GRCh37_2:148683686-148683693_Frame-Shift-Del-DEL-AAAAAAAA---- and BRAF_GRCh37_7:140453136-140453136_Missense-Mutation-SNP-A-A-T_Missense-Mutation-SNP-A-T-T,AIM2_GRCh37_1:159032487-159032496_Frame-Shift-Del-DEL-TTTTTTTTTT----,0.125,0.5714285714285714,0.07142857142857142,4
TGFBR2_GRCh37_3:30691872-30691881_Frame-Shift-Del-DEL-AAAAAAAAAA---- and ACVR2A_GRCh37_2:148683686-148683693_Frame-Shift-Del-DEL-AAAAAAAA---- and BRAF_GRCh37_7:140453136-140453136_Missense-Mutation-SNP-A-A-T_Missense-Mutation-SNP-A-T-T,TCF7L2_GRCh37_10:114925317-114925325_In-Frame-Del-DEL-AAAAAAAAA----,0.125,0.5714285714285714,0.07142857142857142,4
TGFBR2_GRCh37_3:30691872-30691881_Frame-Shift-Del-DEL-AAAAAAAAAA---- and ACVR2A_GRCh37_2:148683686-148683693_Frame-Shift-Del-DEL-AAAAAAAA---- and BRAF_GRCh37_7:140453136-140453136_Missense-Mutation-SNP-A-A-T_Missense-Mutation-SNP-A-T-T,MSH3_GRCh37_5:79970915-79970922_Frame-Shift-Del-DEL-AAAAAAAA----,0.125,0.5714285714285714,0.07142857142857142,4
MSH3_GRCh37_5:79970915-79970922_Frame-Shift-Del-DEL-AAAAAAAA----,HMMR_GRCh37_5:162917426-162917434_In-Frame-Del-DEL-AAAAAAAAA----,0.125,0.5,0.0625,4
ACVR2A_GRCh37_2:148683686-148683693_Frame-Shift-Del-DEL-AAAAAAAA---- and TGFBR2_GRCh37_3:30691872-30691881_Frame-Shift-Del-DEL-AAAAAAAAAA----,AIM2_GRCh37_1:159032487-159032496_Frame-Shift-Del-DEL-TTTTTTTTTT----,0.125,0.4,0.05,4
ACVR2A_GRCh37_2:148683686-148683693_Frame-Shift-Del-DEL-AAAAAAAA---- and TGFBR2_GRCh37_3:30691872-30691881_Frame-Shift-Del-DEL-AAAAAAAAAA----,TCF7L2_GRCh37_10:114925317-114925325_In-Frame-Del-DEL-AAAAAAAAA----,0.125,0.4,0.05,4
ACVR2A_GRCh37_2:148683686-148683693_Frame-Shift-Del-DEL-AAAAAAAA---- and TGFBR2_GRCh37_3:30691872-30691881_Frame-Shift-Del-DEL-AAAAAAAAAA----,MBD4_GRCh37_3:129155548-129155557_Frame-Shift-Del-DEL-TTTTTTTTTT----,0.125,0.4,0.05,4
TGFBR2_GRCh37_3:30691872-30691881_Frame-Shift-Del-DEL-AAAAAAAAAA---- and ACVR2A_GRCh37_2:148683686-148683693_Frame-Shift-Del-DEL-AAAAAAAA----,AIM2_GRCh37_1:159032487-159032496_Frame-Shift-Del-DEL-TTTTTTTTTT----,0.125,0.4,0.05,4
TGFBR2_GRCh37_3:30691872-30691881_Frame-Shift-Del-DEL-AAAAAAAAAA---- and ACVR2A_GRCh37_2:148683686-148683693_Frame-Shift-Del-DEL-AAAAAAAA----,TCF7L2_GRCh37_10:114925317-114925325_In-Frame-Del-DEL-AAAAAAAAA----,0.125,0.4,0.05,4
TGFBR2_GRCh37_3:30691872-30691881_Frame-Shift-Del-DEL-AAAAAAAAAA---- and ACVR2A_GRCh37_2:148683686-148683693_Frame-Shift-Del-DEL-AAAAAAAA----,MBD4_GRCh37_3:129155548-129155557_Frame-Shift-Del-DEL-TTTTTTTTTT----,0.125,0.4,0.05,4
TGFBR2_GRCh37_3:30691872-30691881_Frame-Shift-Del-DEL-AAAAAAAAAA----,TCF7L2_GRCh37_10:114925317-114925325_In-Frame-Del-DEL-AAAAAAAAA----,0.125,0.36363636363636365,0.045454545454545456,4
ACVR2A_GRCh37_2:148683686-148683693_Frame-Shift-Del-DEL-AAAAAAAA----,ATR_GRCh37_3:142274740-142274749_Frame-Shift-Del-DEL-TTTTTTTTTT----,0.125,0.3333333333333333,0.041666666666666664,4
ACVR2A_GRCh37_2:148683686-148683693_Frame-Shift-Del-DEL-AAAAAAAA----,TCF7L2_GRCh37_10:114925317-114925325_In-Frame-Del-DEL-AAAAAAAAA----,0.125,0.3333333333333333,0.041666666666666664,4
CASP5_GRCh37_11:104878041-104878050_Frame-Shift-Del-DEL-TTTTTTTTTT----,RAD50_GRCh37_5:131931452-131931460_In-Frame-Del-DEL-AAAAAAAAA----,0.09375,1.0,0.09375,3
RAD50_GRCh37_5:131931452-131931460_In-Frame-Del-DEL-AAAAAAAAA---- and TCF7L2_GRCh37_10:114925317-114925325_In-Frame-Del-DEL-AAAAAAAAA----,TGFBR2_GRCh37_3:30691872-30691881_Frame-Shift-Del-DEL-AAAAAAAAAA----,0.09375,1.0,0.09375,3
RAD50_GRCh37_5:131931452-131931460_In-Frame-Del-DEL-AAAAAAAAA---- and TCF7L2_GRCh37_10:114925317-114925325_In-Frame-Del-DEL-AAAAAAAAA----,AIM2_GRCh37_1:159032487-159032496_Frame-Shift-Del-DEL-TTTTTTTTTT----,0.09375,1.0,0.09375,3
RAD50_GRCh37_5:131931452-131931460_In-Frame-Del-DEL-AAAAAAAAA---- and TCF7L2_GRCh37_10:114925317-114925325_In-Frame-Del-DEL-AAAAAAAAA----,BRAF_GRCh37_7:140453136-140453136_Missense-Mutation-SNP-A-A-T_Missense-Mutation-SNP-A-T-T,0.09375,1.0,0.09375,3
TCF7L2_GRCh37_10:114925317-114925325_In-Frame-Del-DEL-AAAAAAAAA---- and RAD50_GRCh37_5:131931452-131931460_In-Frame-Del-DEL-AAAAAAAAA----,TGFBR2_GRCh37_3:30691872-30691881_Frame-Shift-Del-DEL-AAAAAAAAAA----,0.09375,1.0,0.09375,3
TCF7L2_GRCh37_10:114925317-114925325_In-Frame-Del-DEL-AAAAAAAAA---- and RAD50_GRCh37_5:131931452-131931460_In-Frame-Del-DEL-AAAAAAAAA----,AIM2_GRCh37_1:159032487-159032496_Frame-Shift-Del-DEL-TTTTTTTTTT----,0.09375,1.0,0.09375,3
TCF7L2_GRCh37_10:114925317-114925325_In-Frame-Del-DEL-AAAAAAAAA---- and RAD50_GRCh37_5:131931452-131931460_In-Frame-Del-DEL-AAAAAAAAA----,BRAF_GRCh37_7:140453136-140453136_Missense-Mutation-SNP-A-A-T_Missense-Mutation-SNP-A-T-T,0.09375,1.0,0.09375,3
ATR_GRCh37_3:142274740-142274749_Frame-Shift-Del-DEL-TTTTTTTTTT---- and AIM2_GRCh37_1:159032487-159032496_Frame-Shift-Del-DEL-TTTTTTTTTT----,BRAF_GRCh37_7:140453136-140453136_Missense-Mutation-SNP-A-A-T_Missense-Mutation-SNP-A-T-T,0.09375,1.0,0.09375,3
AIM2_GRCh37_1:159032487-159032496_Frame-Shift-Del-DEL-TTTTTTTTTT---- and ATR_GRCh37_3:142274740-142274749_Frame-Shift-Del-DEL-TTTTTTTTTT----,BRAF_GRCh37_7:140453136-140453136_Missense-Mutation-SNP-A-A-T_Missense-Mutation-SNP-A-T-T,0.09375,1.0,0.09375,3
PRDM2_GRCh37_1:14108749-14108757_In-Frame-Del-DEL-AAAAAAAAA---- and HMMR_GRCh37_5:162917426-162917434_In-Frame-Del-DEL-AAAAAAAAA----,BRAF_GRCh37_7:140453136-140453136_Missense-Mutation-SNP-A-A-T_Missense-Mutation-SNP-A-T-T,0.09375,1.0,0.09375,3
HMMR_GRCh37_5:162917426-162917434_In-Frame-Del-DEL-AAAAAAAAA---- and PRDM2_GRCh37_1:14108749-14108757_In-Frame-Del-DEL-AAAAAAAAA----,BRAF_GRCh37_7:140453136-140453136_Missense-Mutation-SNP-A-A-T_Missense-Mutation-SNP-A-T-T,0.09375,1.0,0.09375,3
ACVR2A_GRCh37_2:148683686-148683693_Frame-Shift-Del-DEL-AAAAAAAA---- and TGFBR2_GRCh37_3:30691872-30691881_Frame-Shift-Del-DEL-AAAAAAAAAA---- and RAD50_GRCh37_5:131931452-131931460_In-Frame-Del-DEL-AAAAAAAAA----,AIM2_GRCh37_1:159032487-159032496_Frame-Shift-Del-DEL-TTTTTTTTTT----,0.09375,1.0,0.09375,3
ACVR2A_GRCh37_2:148683686-148683693_Frame-Shift-Del-DEL-AAAAAAAA---- and TGFBR2_GRCh37_3:30691872-30691881_Frame-Shift-Del-DEL-AAAAAAAAAA---- and RAD50_GRCh37_5:131931452-131931460_In-Frame-Del-DEL-AAAAAAAAA----,TCF7L2_GRCh37_10:114925317-114925325_In-Frame-Del-DEL-AAAAAAAAA----,0.09375,1.0,0.09375,3
ACVR2A_GRCh37_2:148683686-148683693_Frame-Shift-Del-DEL-AAAAAAAA---- and TGFBR2_GRCh37_3:30691872-30691881_Frame-Shift-Del-DEL-AAAAAAAAAA---- and RAD50_GRCh37_5:131931452-131931460_In-Frame-Del-DEL-AAAAAAAAA----,BRAF_GRCh37_7:140453136-140453136_Missense-Mutation-SNP-A-A-T_Missense-Mutation-SNP-A-T-T,0.09375,1.0,0.09375,3
ACVR2A_GRCh37_2:148683686-148683693_Frame-Shift-Del-DEL-AAAAAAAA---- and TGFBR2_GRCh37_3:30691872-30691881_Frame-Shift-Del-DEL-AAAAAAAAAA---- and PIK3CA_GRCh37_3:178952085-178952085_Missense-Mutation-SNP-A-G-G,BRAF_GRCh37_7:140453136-140453136_Missense-Mutation-SNP-A-A-T_Missense-Mutation-SNP-A-T-T,0.09375,1.0,0.09375,3
ACVR2A_GRCh37_2:148683686-148683693_Frame-Shift-Del-DEL-AAAAAAAA---- and TGFBR2_GRCh37_3:30691872-30691881_Frame-Shift-Del-DEL-AAAAAAAAAA---- and HMMR_GRCh37_5:162917426-162917434_In-Frame-Del-DEL-AAAAAAAAA----,MSH3_GRCh37_5:79970915-79970922_Frame-Shift-Del-DEL-AAAAAAAA----,0.09375,1.0,0.09375,3
TGFBR2_GRCh37_3:30691872-30691881_Frame-Shift-Del-DEL-AAAAAAAAAA---- and ACVR2A_GRCh37_2:148683686-148683693_Frame-Shift-Del-DEL-AAAAAAAA---- and RAD50_GRCh37_5:131931452-131931460_In-Frame-Del-DEL-AAAAAAAAA----,AIM2_GRCh37_1:159032487-159032496_Frame-Shift-Del-DEL-TTTTTTTTTT----,0.09375,1.0,0.09375,3
TGFBR2_GRCh37_3:30691872-30691881_Frame-Shift-Del-DEL-AAAAAAAAAA---- and ACVR2A_GRCh37_2:148683686-148683693_Frame-Shift-Del-DEL-AAAAAAAA---- and RAD50_GRCh37_5:131931452-131931460_In-Frame-Del-DEL-AAAAAAAAA----,TCF7L2_GRCh37_10:114925317-114925325_In-Frame-Del-DEL-AAAAAAAAA----,0.09375,1.0,0.09375,3
TGFBR2_GRCh37_3:30691872-30691881_Frame-Shift-Del-DEL-AAAAAAAAAA---- and ACVR2A_GRCh37_2:148683686-148683693_Frame-Shift-Del-DEL-AAAAAAAA---- and RAD50_GRCh37_5:131931452-131931460_In-Frame-Del-DEL-AAAAAAAAA----,BRAF_GRCh37_7:140453136-140453136_Missense-Mutation-SNP-A-A-T_Missense-Mutation-SNP-A-T-T,0.09375,1.0,0.09375,3
TGFBR2_GRCh37_3:30691872-30691881_Frame-Shift-Del-DEL-AAAAAAAAAA---- and ACVR2A_GRCh37_2:148683686-148683693_Frame-Shift-Del-DEL-AAAAAAAA---- and PIK3CA_GRCh37_3:178952085-178952085_Missense-Mutation-SNP-A-G-G,BRAF_GRCh37_7:140453136-140453136_Missense-Mutation-SNP-A-A-T_Missense-Mutation-SNP-A-T-T,0.09375,1.0,0.09375,3
TGFBR2_GRCh37_3:30691872-30691881_Frame-Shift-Del-DEL-AAAAAAAAAA---- and ACVR2A_GRCh37_2:148683686-148683693_Frame-Shift-Del-DEL-AAAAAAAA---- and HMMR_GRCh37_5:162917426-162917434_In-Frame-Del-DEL-AAAAAAAAA----,MSH3_GRCh37_5:79970915-79970922_Frame-Shift-Del-DEL-AAAAAAAA----,0.09375,1.0,0.09375,3
AIM2_GRCh37_1:159032487-159032496_Frame-Shift-Del-DEL-TTTTTTTTTT---- and TCF7L2_GRCh37_10:114925317-114925325_In-Frame-Del-DEL-AAAAAAAAA---- and RAD50_GRCh37_5:131931452-131931460_In-Frame-Del-DEL-AAAAAAAAA----,TGFBR2_GRCh37_3:30691872-30691881_Frame-Shift-Del-DEL-AAAAAAAAAA----,0.09375,1.0,0.09375,3
AIM2_GRCh37_1:159032487-159032496_Frame-Shift-Del-DEL-TTTTTTTTTT---- and TCF7L2_GRCh37_10:114925317-114925325_In-Frame-Del-DEL-AAAAAAAAA---- and RAD50_GRCh37_5:131931452-131931460_In-Frame-Del-DEL-AAAAAAAAA----,BRAF_GRCh37_7:140453136-140453136_Missense-Mutation-SNP-A-A-T_Missense-Mutation-SNP-A-T-T,0.09375,1.0,0.09375,3
AIM2_GRCh37_1:159032487-159032496_Frame-Shift-Del-DEL-TTTTTTTTTT---- and TCF7L2_GRCh37_10:114925317-114925325_In-Frame-Del-DEL-AAAAAAAAA---- and MSH3_GRCh37_5:79970915-79970922_Frame-Shift-Del-DEL-AAAAAAAA----,TGFBR2_GRCh37_3:30691872-30691881_Frame-Shift-Del-DEL-AAAAAAAAAA----,0.09375,1.0,0.09375,3
AIM2_GRCh37_1:159032487-159032496_Frame-Shift-Del-DEL-TTTTTTTTTT---- and TCF7L2_GRCh37_10:114925317-114925325_In-Frame-Del-DEL-AAAAAAAAA---- and MSH3_GRCh37_5:79970915-79970922_Frame-Shift-Del-DEL-AAAAAAAA----,BRAF_GRCh37_7:140453136-140453136_Missense-Mutation-SNP-A-A-T_Missense-Mutation-SNP-A-T-T,0.09375,1.0,0.09375,3
TCF7L2_GRCh37_10:114925317-114925325_In-Frame-Del-DEL-AAAAAAAAA---- and AIM2_GRCh37_1:159032487-159032496_Frame-Shift-Del-DEL-TTTTTTTTTT---- and RAD50_GRCh37_5:131931452-131931460_In-Frame-Del-DEL-AAAAAAAAA----,TGFBR2_GRCh37_3:30691872-30691881_Frame-Shift-Del-DEL-AAAAAAAAAA----,0.09375,1.0,0.09375,3
TCF7L2_GRCh37_10:114925317-114925325_In-Frame-Del-DEL-AAAAAAAAA---- and AIM2_GRCh37_1:159032487-159032496_Frame-Shift-Del-DEL-TTTTTTTTTT---- and RAD50_GRCh37_5:131931452-131931460_In-Frame-Del-DEL-AAAAAAAAA----,BRAF_GRCh37_7:140453136-140453136_Missense-Mutation-SNP-A-A-T_Missense-Mutation-SNP-A-T-T,0.09375,1.0,0.09375,3
TCF7L2_GRCh37_10:114925317-114925325_In-Frame-Del-DEL-AAAAAAAAA---- and AIM2_GRCh37_1:159032487-159032496_Frame-Shift-Del-DEL-TTTTTTTTTT---- and MSH3_GRCh37_5:79970915-79970922_Frame-Shift-Del-DEL-AAAAAAAA----,TGFBR2_GRCh37_3:30691872-30691881_Frame-Shift-Del-DEL-AAAAAAAAAA----,0.09375,1.0,0.09375,3
TCF7L2_GRCh37_10:114925317-114925325_In-Frame-Del-DEL-AAAAAAAAA---- and AIM2_GRCh37_1:159032487-159032496_Frame-Shift-Del-DEL-TTTTTTTTTT---- and MSH3_GRCh37_5:79970915-79970922_Frame-Shift-Del-DEL-AAAAAAAA----,BRAF_GRCh37_7:140453136-140453136_Missense-Mutation-SNP-A-A-T_Missense-Mutation-SNP-A-T-T,0.09375,1.0,0.09375,3
RAD50_GRCh37_5:131931452-131931460_In-Frame-Del-DEL-AAAAAAAAA---- and TCF7L2_GRCh37_10:114925317-114925325_In-Frame-Del-DEL-AAAAAAAAA---- and TGFBR2_GRCh37_3:30691872-30691881_Frame-Shift-Del-DEL-AAAAAAAAAA----,AIM2_GRCh37_1:159032487-159032496_Frame-Shift-Del-DEL-TTTTTTTTTT----,0.09375,1.0,0.09375,3
RAD50_GRCh37_5:131931452-131931460_In-Frame-Del-DEL-AAAAAAAAA---- and TCF7L2_GRCh37_10:114925317-114925325_In-Frame-Del-DEL-AAAAAAAAA---- and TGFBR2_GRCh37_3:30691872-30691881_Frame-Shift-Del-DEL-AAAAAAAAAA----,BRAF_GRCh37_7:140453136-140453136_Missense-Mutation-SNP-A-A-T_Missense-Mutation-SNP-A-T-T,0.09375,1.0,0.09375,3
RAD50_GRCh37_5:131931452-131931460_In-Frame-Del-DEL-AAAAAAAAA---- and TCF7L2_GRCh37_10:114925317-114925325_In-Frame-Del-DEL-AAAAAAAAA---- and AIM2_GRCh37_1:159032487-159032496_Frame-Shift-Del-DEL-TTTTTTTTTT----,TGFBR2_GRCh37_3:30691872-30691881_Frame-Shift-Del-DEL-AAAAAAAAAA----,0.09375,1.0,0.09375,3
RAD50_GRCh37_5:131931452-131931460_In-Frame-Del-DEL-AAAAAAAAA---- and TCF7L2_GRCh37_10:114925317-114925325_In-Frame-Del-DEL-AAAAAAAAA---- and AIM2_GRCh37_1:159032487-159032496_Frame-Shift-Del-DEL-TTTTTTTTTT----,BRAF_GRCh37_7:140453136-140453136_Missense-Mutation-SNP-A-A-T_Missense-Mutation-SNP-A-T-T,0.09375,1.0,0.09375,3
RAD50_GRCh37_5:131931452-131931460_In-Frame-Del-DEL-AAAAAAAAA---- and TCF7L2_GRCh37_10:114925317-114925325_In-Frame-Del-DEL-AAAAAAAAA---- and BRAF_GRCh37_7:140453136-140453136_Missense-Mutation-SNP-A-A-T_Missense-Mutation-SNP-A-T-T,TGFBR2_GRCh37_3:30691872-30691881_Frame-Shift-Del-DEL-AAAAAAAAAA----,0.09375,1.0,0.09375,3
RAD50_GRCh37_5:131931452-131931460_In-Frame-Del-DEL-AAAAAAAAA---- and TCF7L2_GRCh37_10:114925317-114925325_In-Frame-Del-DEL-AAAAAAAAA---- and BRAF_GRCh37_7:140453136-140453136_Missense-Mutation-SNP-A-A-T_Missense-Mutation-SNP-A-T-T,AIM2_GRCh37_1:159032487-159032496_Frame-Shift-Del-DEL-TTTTTTTTTT----,0.09375,1.0,0.09375,3
TCF7L2_GRCh37_10:114925317-114925325_In-Frame-Del-DEL-AAAAAAAAA---- and RAD50_GRCh37_5:131931452-131931460_In-Frame-Del-DEL-AAAAAAAAA---- and TGFBR2_GRCh37_3:30691872-30691881_Frame-Shift-Del-DEL-AAAAAAAAAA----,AIM2_GRCh37_1:159032487-159032496_Frame-Shift-Del-DEL-TTTTTTTTTT----,0.09375,1.0,0.09375,3
TCF7L2_GRCh37_10:114925317-114925325_In-Frame-Del-DEL-AAAAAAAAA---- and RAD50_GRCh37_5:131931452-131931460_In-Frame-Del-DEL-AAAAAAAAA---- and TGFBR2_GRCh37_3:30691872-30691881_Frame-Shift-Del-DEL-AAAAAAAAAA----,BRAF_GRCh37_7:140453136-140453136_Missense-Mutation-SNP-A-A-T_Missense-Mutation-SNP-A-T-T,0.09375,1.0,0.09375,3
TCF7L2_GRCh37_10:114925317-114925325_In-Frame-Del-DEL-AAAAAAAAA---- and RAD50_GRCh37_5:131931452-131931460_In-Frame-Del-DEL-AAAAAAAAA---- and AIM2_GRCh37_1:159032487-159032496_Frame-Shift-Del-DEL-TTTTTTTTTT----,TGFBR2_GRCh37_3:30691872-30691881_Frame-Shift-Del-DEL-AAAAAAAAAA----,0.09375,1.0,0.09375,3
TCF7L2_GRCh37_10:114925317-114925325_In-Frame-Del-DEL-AAAAAAAAA---- and RAD50_GRCh37_5:131931452-131931460_In-Frame-Del-DEL-AAAAAAAAA---- and AIM2_GRCh37_1:159032487-159032496_Frame-Shift-Del-DEL-TTTTTTTTTT----,BRAF_GRCh37_7:140453136-140453136_Missense-Mutation-SNP-A-A-T_Missense-Mutation-SNP-A-T-T,0.09375,1.0,0.09375,3
TCF7L2_GRCh37_10:114925317-114925325_In-Frame-Del-DEL-AAAAAAAAA---- and RAD50_GRCh37_5:131931452-131931460_In-Frame-Del-DEL-AAAAAAAAA---- and BRAF_GRCh37_7:140453136-140453136_Missense-Mutation-SNP-A-A-T_Missense-Mutation-SNP-A-T-T,TGFBR2_GRCh37_3:30691872-30691881_Frame-Shift-Del-DEL-AAAAAAAAAA----,0.09375,1.0,0.09375,3
TCF7L2_GRCh37_10:114925317-114925325_In-Frame-Del-DEL-AAAAAAAAA---- and RAD50_GRCh37_5:131931452-131931460_In-Frame-Del-DEL-AAAAAAAAA---- and BRAF_GRCh37_7:140453136-140453136_Missense-Mutation-SNP-A-A-T_Missense-Mutation-SNP-A-T-T,AIM2_GRCh37_1:159032487-159032496_Frame-Shift-Del-DEL-TTTTTTTTTT----,0.09375,1.0,0.09375,3
TGFBR2_GRCh37_3:30691872-30691881_Frame-Shift-Del-DEL-AAAAAAAAAA---- and TCF7L2_GRCh37_10:114925317-114925325_In-Frame-Del-DEL-AAAAAAAAA---- and RAD50_GRCh37_5:131931452-131931460_In-Frame-Del-DEL-AAAAAAAAA----,AIM2_GRCh37_1:159032487-159032496_Frame-Shift-Del-DEL-TTTTTTTTTT----,0.09375,1.0,0.09375,3
TGFBR2_GRCh37_3:30691872-30691881_Frame-Shift-Del-DEL-AAAAAAAAAA---- and TCF7L2_GRCh37_10:114925317-114925325_In-Frame-Del-DEL-AAAAAAAAA---- and RAD50_GRCh37_5:131931452-131931460_In-Frame-Del-DEL-AAAAAAAAA----,BRAF_GRCh37_7:140453136-140453136_Missense-Mutation-SNP-A-A-T_Missense-Mutation-SNP-A-T-T,0.09375,1.0,0.09375,3
TGFBR2_GRCh37_3:30691872-30691881_Frame-Shift-Del-DEL-AAAAAAAAAA---- and TCF7L2_GRCh37_10:114925317-114925325_In-Frame-Del-DEL-AAAAAAAAA---- and MSH3_GRCh37_5:79970915-79970922_Frame-Shift-Del-DEL-AAAAAAAA----,AIM2_GRCh37_1:159032487-159032496_Frame-Shift-Del-DEL-TTTTTTTTTT----,0.09375,1.0,0.09375,3
TGFBR2_GRCh37_3:30691872-30691881_Frame-Shift-Del-DEL-AAAAAAAAAA---- and TCF7L2_GRCh37_10:114925317-114925325_In-Frame-Del-DEL-AAAAAAAAA---- and MSH3_GRCh37_5:79970915-79970922_Frame-Shift-Del-DEL-AAAAAAAA----,BRAF_GRCh37_7:140453136-140453136_Missense-Mutation-SNP-A-A-T_Missense-Mutation-SNP-A-T-T,0.09375,1.0,0.09375,3
TCF7L2_GRCh37_10:114925317-114925325_In-Frame-Del-DEL-AAAAAAAAA---- and TGFBR2_GRCh37_3:30691872-30691881_Frame-Shift-Del-DEL-AAAAAAAAAA---- and RAD50_GRCh37_5:131931452-131931460_In-Frame-Del-DEL-AAAAAAAAA----,AIM2_GRCh37_1:159032487-159032496_Frame-Shift-Del-DEL-TTTTTTTTTT----,0.09375,1.0,0.09375,3
TCF7L2_GRCh37_10:114925317-114925325_In-Frame-Del-DEL-AAAAAAAAA---- and TGFBR2_GRCh37_3:30691872-30691881_Frame-Shift-Del-DEL-AAAAAAAAAA---- and RAD50_GRCh37_5:131931452-131931460_In-Frame-Del-DEL-AAAAAAAAA----,BRAF_GRCh37_7:140453136-140453136_Missense-Mutation-SNP-A-A-T_Missense-Mutation-SNP-A-T-T,0.09375,1.0,0.09375,3
TCF7L2_GRCh37_10:114925317-114925325_In-Frame-Del-DEL-AAAAAAAAA---- and TGFBR2_GRCh37_3:30691872-30691881_Frame-Shift-Del-DEL-AAAAAAAAAA---- and MSH3_GRCh37_5:79970915-79970922_Frame-Shift-Del-DEL-AAAAAAAA----,AIM2_GRCh37_1:159032487-159032496_Frame-Shift-Del-DEL-TTTTTTTTTT----,0.09375,1.0,0.09375,3
TCF7L2_GRCh37_10:114925317-114925325_In-Frame-Del-DEL-AAAAAAAAA---- and TGFBR2_GRCh37_3:30691872-30691881_Frame-Shift-Del-DEL-AAAAAAAAAA---- and MSH3_GRCh37_5:79970915-79970922_Frame-Shift-Del-DEL-AAAAAAAA----,BRAF_GRCh37_7:140453136-140453136_Missense-Mutation-SNP-A-A-T_Missense-Mutation-SNP-A-T-T,0.09375,1.0,0.09375,3
ACVR2A_GRCh37_2:148683686-148683693_Frame-Shift-Del-DEL-AAAAAAAA---- and ATR_GRCh37_3:142274740-142274749_Frame-Shift-Del-DEL-TTTTTTTTTT---- and AIM2_GRCh37_1:159032487-159032496_Frame-Shift-Del-DEL-TTTTTTTTTT----,BRAF_GRCh37_7:140453136-140453136_Missense-Mutation-SNP-A-A-T_Missense-Mutation-SNP-A-T-T,0.09375,1.0,0.09375,3
ACVR2A_GRCh37_2:148683686-148683693_Frame-Shift-Del-DEL-AAAAAAAA---- and ATR_GRCh37_3:142274740-142274749_Frame-Shift-Del-DEL-TTTTTTTTTT---- and BRAF_GRCh37_7:140453136-140453136_Missense-Mutation-SNP-A-A-T_Missense-Mutation-SNP-A-T-T,AIM2_GRCh37_1:159032487-159032496_Frame-Shift-Del-DEL-TTTTTTTTTT----,0.09375,1.0,0.09375,3
ATR_GRCh37_3:142274740-142274749_Frame-Shift-Del-DEL-TTTTTTTTTT---- and ACVR2A_GRCh37_2:148683686-148683693_Frame-Shift-Del-DEL-AAAAAAAA---- and AIM2_GRCh37_1:159032487-159032496_Frame-Shift-Del-DEL-TTTTTTTTTT----,BRAF_GRCh37_7:140453136-140453136_Missense-Mutation-SNP-A-A-T_Missense-Mutation-SNP-A-T-T,0.09375,1.0,0.09375,3
ATR_GRCh37_3:142274740-142274749_Frame-Shift-Del-DEL-TTTTTTTTTT---- and ACVR2A_GRCh37_2:148683686-148683693_Frame-Shift-Del-DEL-AAAAAAAA---- and BRAF_GRCh37_7:140453136-140453136_Missense-Mutation-SNP-A-A-T_Missense-Mutation-SNP-A-T-T,AIM2_GRCh37_1:159032487-159032496_Frame-Shift-Del-DEL-TTTTTTTTTT----,0.09375,1.0,0.09375,3
ACVR2A_GRCh37_2:148683686-148683693_Frame-Shift-Del-DEL-AAAAAAAA---- and TCF7L2_GRCh37_10:114925317-114925325_In-Frame-Del-DEL-AAAAAAAAA---- and RAD50_GRCh37_5:131931452-131931460_In-Frame-Del-DEL-AAAAAAAAA----,TGFBR2_GRCh37_3:30691872-30691881_Frame-Shift-Del-DEL-AAAAAAAAAA----,0.09375,1.0,0.09375,3
ACVR2A_GRCh37_2:148683686-148683693_Frame-Shift-Del-DEL-AAAAAAAA---- and TCF7L2_GRCh37_10:114925317-114925325_In-Frame-Del-DEL-AAAAAAAAA---- and RAD50_GRCh37_5:131931452-131931460_In-Frame-Del-DEL-AAAAAAAAA----,AIM2_GRCh37_1:159032487-159032496_Frame-Shift-Del-DEL-TTTTTTTTTT----,0.09375,1.0,0.09375,3
ACVR2A_GRCh37_2:148683686-148683693_Frame-Shift-Del-DEL-AAAAAAAA---- and TCF7L2_GRCh37_10:114925317-114925325_In-Frame-Del-DEL-AAAAAAAAA---- and RAD50_GRCh37_5:131931452-131931460_In-Frame-Del-DEL-AAAAAAAAA----,BRAF_GRCh37_7:140453136-140453136_Missense-Mutation-SNP-A-A-T_Missense-Mutation-SNP-A-T-T,0.09375,1.0,0.09375,3
ACVR2A_GRCh37_2:148683686-148683693_Frame-Shift-Del-DEL-AAAAAAAA---- and TCF7L2_GRCh37_10:114925317-114925325_In-Frame-Del-DEL-AAAAAAAAA---- and MSH3_GRCh37_5:79970915-79970922_Frame-Shift-Del-DEL-AAAAAAAA----,TGFBR2_GRCh37_3:30691872-30691881_Frame-Shift-Del-DEL-AAAAAAAAAA----,0.09375,1.0,0.09375,3
ACVR2A_GRCh37_2:148683686-148683693_Frame-Shift-Del-DEL-AAAAAAAA---- and TCF7L2_GRCh37_10:114925317-114925325_In-Frame-Del-DEL-AAAAAAAAA---- and MSH3_GRCh37_5:79970915-79970922_Frame-Shift-Del-DEL-AAAAAAAA----,AIM2_GRCh37_1:159032487-159032496_Frame-Shift-Del-DEL-TTTTTTTTTT----,0.09375,1.0,0.09375,3
ACVR2A_GRCh37_2:148683686-148683693_Frame-Shift-Del-DEL-AAAAAAAA---- and TCF7L2_GRCh37_10:114925317-114925325_In-Frame-Del-DEL-AAAAAAAAA---- and MSH3_GRCh37_5:79970915-79970922_Frame-Shift-Del-DEL-AAAAAAAA----,BRAF_GRCh37_7:140453136-140453136_Missense-Mutation-SNP-A-A-T_Missense-Mutation-SNP-A-T-T,0.09375,1.0,0.09375,3
TCF7L2_GRCh37_10:114925317-114925325_In-Frame-Del-DEL-AAAAAAAAA---- and ACVR2A_GRCh37_2:148683686-148683693_Frame-Shift-Del-DEL-AAAAAAAA---- and RAD50_GRCh37_5:131931452-131931460_In-Frame-Del-DEL-AAAAAAAAA----,TGFBR2_GRCh37_3:30691872-30691881_Frame-Shift-Del-DEL-AAAAAAAAAA----,0.09375,1.0,0.09375,3
TCF7L2_GRCh37_10:114925317-114925325_In-Frame-Del-DEL-AAAAAAAAA---- and ACVR2A_GRCh37_2:148683686-148683693_Frame-Shift-Del-DEL-AAAAAAAA---- and RAD50_GRCh37_5:131931452-131931460_In-Frame-Del-DEL-AAAAAAAAA----,AIM2_GRCh37_1:159032487-159032496_Frame-Shift-Del-DEL-TTTTTTTTTT----,0.09375,1.0,0.09375,3
TCF7L2_GRCh37_10:114925317-114925325_In-Frame-Del-DEL-AAAAAAAAA---- and ACVR2A_GRCh37_2:148683686-148683693_Frame-Shift-Del-DEL-AAAAAAAA---- and RAD50_GRCh37_5:131931452-131931460_In-Frame-Del-DEL-AAAAAAAAA----,BRAF_GRCh37_7:140453136-140453136_Missense-Mutation-SNP-A-A-T_Missense-Mutation-SNP-A-T-T,0.09375,1.0,0.09375,3
TCF7L2_GRCh37_10:114925317-114925325_In-Frame-Del-DEL-AAAAAAAAA---- and ACVR2A_GRCh37_2:148683686-148683693_Frame-Shift-Del-DEL-AAAAAAAA---- and MSH3_GRCh37_5:79970915-79970922_Frame-Shift-Del-DEL-AAAAAAAA----,TGFBR2_GRCh37_3:30691872-30691881_Frame-Shift-Del-DEL-AAAAAAAAAA----,0.09375,1.0,0.09375,3
TCF7L2_GRCh37_10:114925317-114925325_In-Frame-Del-DEL-AAAAAAAAA---- and ACVR2A_GRCh37_2:148683686-148683693_Frame-Shift-Del-DEL-AAAAAAAA---- and MSH3_GRCh37_5:79970915-79970922_Frame-Shift-Del-DEL-AAAAAAAA----,AIM2_GRCh37_1:159032487-159032496_Frame-Shift-Del-DEL-TTTTTTTTTT----,0.09375,1.0,0.09375,3
TCF7L2_GRCh37_10:114925317-114925325_In-Frame-Del-DEL-AAAAAAAAA---- and ACVR2A_GRCh37_2:148683686-148683693_Frame-Shift-Del-DEL-AAAAAAAA---- and MSH3_GRCh37_5:79970915-79970922_Frame-Shift-Del-DEL-AAAAAAAA----,BRAF_GRCh37_7:140453136-140453136_Missense-Mutation-SNP-A-A-T_Missense-Mutation-SNP-A-T-T,0.09375,1.0,0.09375,3
BRAF_GRCh37_7:140453136-140453136_Missense-Mutation-SNP-A-A-T_Missense-Mutation-SNP-A-T-T and AIM2_GRCh37_1:159032487-159032496_Frame-Shift-Del-DEL-TTTTTTTTTT---- and RAD50_GRCh37_5:131931452-131931460_In-Frame-Del-DEL-AAAAAAAAA----,TGFBR2_GRCh37_3:30691872-30691881_Frame-Shift-Del-DEL-AAAAAAAAAA----,0.09375,1.0,0.09375,3
BRAF_GRCh37_7:140453136-140453136_Missense-Mutation-SNP-A-A-T_Missense-Mutation-SNP-A-T-T and AIM2_GRCh37_1:159032487-159032496_Frame-Shift-Del-DEL-TTTTTTTTTT---- and RAD50_GRCh37_5:131931452-131931460_In-Frame-Del-DEL-AAAAAAAAA----,TCF7L2_GRCh37_10:114925317-114925325_In-Frame-Del-DEL-AAAAAAAAA----,0.09375,1.0,0.09375,3
AIM2_GRCh37_1:159032487-159032496_Frame-Shift-Del-DEL-TTTTTTTTTT---- and BRAF_GRCh37_7:140453136-140453136_Missense-Mutation-SNP-A-A-T_Missense-Mutation-SNP-A-T-T and RAD50_GRCh37_5:131931452-131931460_In-Frame-Del-DEL-AAAAAAAAA----,TGFBR2_GRCh37_3:30691872-30691881_Frame-Shift-Del-DEL-AAAAAAAAAA----,0.09375,1.0,0.09375,3
AIM2_GRCh37_1:159032487-159032496_Frame-Shift-Del-DEL-TTTTTTTTTT---- and BRAF_GRCh37_7:140453136-140453136_Missense-Mutation-SNP-A-A-T_Missense-Mutation-SNP-A-T-T and RAD50_GRCh37_5:131931452-131931460_In-Frame-Del-DEL-AAAAAAAAA----,TCF7L2_GRCh37_10:114925317-114925325_In-Frame-Del-DEL-AAAAAAAAA----,0.09375,1.0,0.09375,3
TCF7L2_GRCh37_10:114925317-114925325_In-Frame-Del-DEL-AAAAAAAAA----,RAD50_GRCh37_5:131931452-131931460_In-Frame-Del-DEL-AAAAAAAAA----,0.09375,0.75,0.0703125,3
ATR_GRCh37_3:142274740-142274749_Frame-Shift-Del-DEL-TTTTTTTTTT----,AIM2_GRCh37_1:159032487-159032496_Frame-Shift-Del-DEL-TTTTTTTTTT----,0.09375,0.75,0.0703125,3
AIM2_GRCh37_1:159032487-159032496_Frame-Shift-Del-DEL-TTTTTTTTTT---- and TCF7L2_GRCh37_10:114925317-114925325_In-Frame-Del-DEL-AAAAAAAAA----,RAD50_GRCh37_5:131931452-131931460_In-Frame-Del-DEL-AAAAAAAAA----,0.09375,0.75,0.0703125,3
AIM2_GRCh37_1:159032487-159032496_Frame-Shift-Del-DEL-TTTTTTTTTT---- and TCF7L2_GRCh37_10:114925317-114925325_In-Frame-Del-DEL-AAAAAAAAA----,MSH3_GRCh37_5:79970915-79970922_Frame-Shift-Del-DEL-AAAAAAAA----,0.09375,0.75,0.0703125,3
TCF7L2_GRCh37_10:114925317-114925325_In-Frame-Del-DEL-AAAAAAAAA---- and AIM2_GRCh37_1:159032487-159032496_Frame-Shift-Del-DEL-TTTTTTTTTT----,RAD50_GRCh37_5:131931452-131931460_In-Frame-Del-DEL-AAAAAAAAA----,0.09375,0.75,0.0703125,3
TCF7L2_GRCh37_10:114925317-114925325_In-Frame-Del-DEL-AAAAAAAAA---- and AIM2_GRCh37_1:159032487-159032496_Frame-Shift-Del-DEL-TTTTTTTTTT----,MSH3_GRCh37_5:79970915-79970922_Frame-Shift-Del-DEL-AAAAAAAA----,0.09375,0.75,0.0703125,3
HMMR_GRCh37_5:162917426-162917434_In-Frame-Del-DEL-AAAAAAAAA---- and MSH3_GRCh37_5:79970915-79970922_Frame-Shift-Del-DEL-AAAAAAAA----,TGFBR2_GRCh37_3:30691872-30691881_Frame-Shift-Del-DEL-AAAAAAAAAA----,0.09375,0.75,0.0703125,3
HMMR_GRCh37_5:162917426-162917434_In-Frame-Del-DEL-AAAAAAAAA---- and MSH3_GRCh37_5:79970915-79970922_Frame-Shift-Del-DEL-AAAAAAAA----,BRAF_GRCh37_7:140453136-140453136_Missense-Mutation-SNP-A-A-T_Missense-Mutation-SNP-A-T-T,0.09375,0.75,0.0703125,3
MSH3_GRCh37_5:79970915-79970922_Frame-Shift-Del-DEL-AAAAAAAA---- and HMMR_GRCh37_5:162917426-162917434_In-Frame-Del-DEL-AAAAAAAAA----,TGFBR2_GRCh37_3:30691872-30691881_Frame-Shift-Del-DEL-AAAAAAAAAA----,0.09375,0.75,0.0703125,3
MSH3_GRCh37_5:79970915-79970922_Frame-Shift-Del-DEL-AAAAAAAA---- and HMMR_GRCh37_5:162917426-162917434_In-Frame-Del-DEL-AAAAAAAAA----,BRAF_GRCh37_7:140453136-140453136_Missense-Mutation-SNP-A-A-T_Missense-Mutation-SNP-A-T-T,0.09375,0.75,0.0703125,3
TGFBR2_GRCh37_3:30691872-30691881_Frame-Shift-Del-DEL-AAAAAAAAAA---- and TCF7L2_GRCh37_10:114925317-114925325_In-Frame-Del-DEL-AAAAAAAAA----,RAD50_GRCh37_5:131931452-131931460_In-Frame-Del-DEL-AAAAAAAAA----,0.09375,0.75,0.0703125,3
TGFBR2_GRCh37_3:30691872-30691881_Frame-Shift-Del-DEL-AAAAAAAAAA---- and TCF7L2_GRCh37_10:114925317-114925325_In-Frame-Del-DEL-AAAAAAAAA----,MSH3_GRCh37_5:79970915-79970922_Frame-Shift-Del-DEL-AAAAAAAA----,0.09375,0.75,0.0703125,3
TCF7L2_GRCh37_10:114925317-114925325_In-Frame-Del-DEL-AAAAAAAAA---- and TGFBR2_GRCh37_3:30691872-30691881_Frame-Shift-Del-DEL-AAAAAAAAAA----,RAD50_GRCh37_5:131931452-131931460_In-Frame-Del-DEL-AAAAAAAAA----,0.09375,0.75,0.0703125,3
TCF7L2_GRCh37_10:114925317-114925325_In-Frame-Del-DEL-AAAAAAAAA---- and TGFBR2_GRCh37_3:30691872-30691881_Frame-Shift-Del-DEL-AAAAAAAAAA----,MSH3_GRCh37_5:79970915-79970922_Frame-Shift-Del-DEL-AAAAAAAA----,0.09375,0.75,0.0703125,3
GRB14_GRCh37_2:165365288-165365296_In-Frame-Del-DEL-TTTTTTTTT---- and MBD4_GRCh37_3:129155548-129155557_Frame-Shift-Del-DEL-TTTTTTTTTT----,TGFBR2_GRCh37_3:30691872-30691881_Frame-Shift-Del-DEL-AAAAAAAAAA----,0.09375,0.75,0.0703125,3
MBD4_GRCh37_3:129155548-129155557_Frame-Shift-Del-DEL-TTTTTTTTTT---- and GRB14_GRCh37_2:165365288-165365296_In-Frame-Del-DEL-TTTTTTTTT----,TGFBR2_GRCh37_3:30691872-30691881_Frame-Shift-Del-DEL-AAAAAAAAAA----,0.09375,0.75,0.0703125,3
ACVR2A_GRCh37_2:148683686-148683693_Frame-Shift-Del-DEL-AAAAAAAA---- and ATR_GRCh37_3:142274740-142274749_Frame-Shift-Del-DEL-TTTTTTTTTT----,TGFBR2_GRCh37_3:30691872-30691881_Frame-Shift-Del-DEL-AAAAAAAAAA----,0.09375,0.75,0.0703125,3
ACVR2A_GRCh37_2:148683686-148683693_Frame-Shift-Del-DEL-AAAAAAAA---- and ATR_GRCh37_3:142274740-142274749_Frame-Shift-Del-DEL-TTTTTTTTTT----,AIM2_GRCh37_1:159032487-159032496_Frame-Shift-Del-DEL-TTTTTTTTTT----,0.09375,0.75,0.0703125,3
ACVR2A_GRCh37_2:148683686-148683693_Frame-Shift-Del-DEL-AAAAAAAA---- and ATR_GRCh37_3:142274740-142274749_Frame-Shift-Del-DEL-TTTTTTTTTT----,BRAF_GRCh37_7:140453136-140453136_Missense-Mutation-SNP-A-A-T_Missense-Mutation-SNP-A-T-T,0.09375,0.75,0.0703125,3
ATR_GRCh37_3:142274740-142274749_Frame-Shift-Del-DEL-TTTTTTTTTT---- and ACVR2A_GRCh37_2:148683686-148683693_Frame-Shift-Del-DEL-AAAAAAAA----,TGFBR2_GRCh37_3:30691872-30691881_Frame-Shift-Del-DEL-AAAAAAAAAA----,0.09375,0.75,0.0703125,3
ATR_GRCh37_3:142274740-142274749_Frame-Shift-Del-DEL-TTTTTTTTTT---- and ACVR2A_GRCh37_2:148683686-148683693_Frame-Shift-Del-DEL-AAAAAAAA----,AIM2_GRCh37_1:159032487-159032496_Frame-Shift-Del-DEL-TTTTTTTTTT----,0.09375,0.75,0.0703125,3
ATR_GRCh37_3:142274740-142274749_Frame-Shift-Del-DEL-TTTTTTTTTT---- and ACVR2A_GRCh37_2:148683686-148683693_Frame-Shift-Del-DEL-AAAAAAAA----,BRAF_GRCh37_7:140453136-140453136_Missense-Mutation-SNP-A-A-T_Missense-Mutation-SNP-A-T-T,0.09375,0.75,0.0703125,3
ACVR2A_GRCh37_2:148683686-148683693_Frame-Shift-Del-DEL-AAAAAAAA---- and TCF7L2_GRCh37_10:114925317-114925325_In-Frame-Del-DEL-AAAAAAAAA----,RAD50_GRCh37_5:131931452-131931460_In-Frame-Del-DEL-AAAAAAAAA----,0.09375,0.75,0.0703125,3
ACVR2A_GRCh37_2:148683686-148683693_Frame-Shift-Del-DEL-AAAAAAAA---- and TCF7L2_GRCh37_10:114925317-114925325_In-Frame-Del-DEL-AAAAAAAAA----,MSH3_GRCh37_5:79970915-79970922_Frame-Shift-Del-DEL-AAAAAAAA----,0.09375,0.75,0.0703125,3
TCF7L2_GRCh37_10:114925317-114925325_In-Frame-Del-DEL-AAAAAAAAA---- and ACVR2A_GRCh37_2:148683686-148683693_Frame-Shift-Del-DEL-AAAAAAAA----,RAD50_GRCh37_5:131931452-131931460_In-Frame-Del-DEL-AAAAAAAAA----,0.09375,0.75,0.0703125,3
TCF7L2_GRCh37_10:114925317-114925325_In-Frame-Del-DEL-AAAAAAAAA---- and ACVR2A_GRCh37_2:148683686-148683693_Frame-Shift-Del-DEL-AAAAAAAA----,MSH3_GRCh37_5:79970915-79970922_Frame-Shift-Del-DEL-AAAAAAAA----,0.09375,0.75,0.0703125,3
ACVR2A_GRCh37_2:148683686-148683693_Frame-Shift-Del-DEL-AAAAAAAA---- and TGFBR2_GRCh37_3:30691872-30691881_Frame-Shift-Del-DEL-AAAAAAAAAA---- and AIM2_GRCh37_1:159032487-159032496_Frame-Shift-Del-DEL-TTTTTTTTTT----,RAD50_GRCh37_5:131931452-131931460_In-Frame-Del-DEL-AAAAAAAAA----,0.09375,0.75,0.0703125,3
ACVR2A_GRCh37_2:148683686-148683693_Frame-Shift-Del-DEL-AAAAAAAA---- and TGFBR2_GRCh37_3:30691872-30691881_Frame-Shift-Del-DEL-AAAAAAAAAA---- and AIM2_GRCh37_1:159032487-159032496_Frame-Shift-Del-DEL-TTTTTTTTTT----,MSH3_GRCh37_5:79970915-79970922_Frame-Shift-Del-DEL-AAAAAAAA----,0.09375,0.75,0.0703125,3
ACVR2A_GRCh37_2:148683686-148683693_Frame-Shift-Del-DEL-AAAAAAAA---- and TGFBR2_GRCh37_3:30691872-30691881_Frame-Shift-Del-DEL-AAAAAAAAAA---- and TCF7L2_GRCh37_10:114925317-114925325_In-Frame-Del-DEL-AAAAAAAAA----,RAD50_GRCh37_5:131931452-131931460_In-Frame-Del-DEL-AAAAAAAAA----,0.09375,0.75,0.0703125,3
ACVR2A_GRCh37_2:148683686-148683693_Frame-Shift-Del-DEL-AAAAAAAA---- and TGFBR2_GRCh37_3:30691872-30691881_Frame-Shift-Del-DEL-AAAAAAAAAA---- and TCF7L2_GRCh37_10:114925317-114925325_In-Frame-Del-DEL-AAAAAAAAA----,MSH3_GRCh37_5:79970915-79970922_Frame-Shift-Del-DEL-AAAAAAAA----,0.09375,0.75,0.0703125,3
ACVR2A_GRCh37_2:148683686-148683693_Frame-Shift-Del-DEL-AAAAAAAA---- and TGFBR2_GRCh37_3:30691872-30691881_Frame-Shift-Del-DEL-AAAAAAAAAA---- and MBD4_GRCh37_3:129155548-129155557_Frame-Shift-Del-DEL-TTTTTTTTTT----,GRB14_GRCh37_2:165365288-165365296_In-Frame-Del-DEL-TTTTTTTTT----,0.09375,0.75,0.0703125,3
TGFBR2_GRCh37_3:30691872-30691881_Frame-Shift-Del-DEL-AAAAAAAAAA---- and ACVR2A_GRCh37_2:148683686-148683693_Frame-Shift-Del-DEL-AAAAAAAA---- and AIM2_GRCh37_1:159032487-159032496_Frame-Shift-Del-DEL-TTTTTTTTTT----,RAD50_GRCh37_5:131931452-131931460_In-Frame-Del-DEL-AAAAAAAAA----,0.09375,0.75,0.0703125,3
TGFBR2_GRCh37_3:30691872-30691881_Frame-Shift-Del-DEL-AAAAAAAAAA---- and ACVR2A_GRCh37_2:148683686-148683693_Frame-Shift-Del-DEL-AAAAAAAA---- and AIM2_GRCh37_1:159032487-159032496_Frame-Shift-Del-DEL-TTTTTTTTTT----,MSH3_GRCh37_5:79970915-79970922_Frame-Shift-Del-DEL-AAAAAAAA----,0.09375,0.75,0.0703125,3
TGFBR2_GRCh37_3:30691872-30691881_Frame-Shift-Del-DEL-AAAAAAAAAA---- and ACVR2A_GRCh37_2:148683686-148683693_Frame-Shift-Del-DEL-AAAAAAAA---- and TCF7L2_GRCh37_10:114925317-114925325_In-Frame-Del-DEL-AAAAAAAAA----,RAD50_GRCh37_5:131931452-131931460_In-Frame-Del-DEL-AAAAAAAAA----,0.09375,0.75,0.0703125,3
TGFBR2_GRCh37_3:30691872-30691881_Frame-Shift-Del-DEL-AAAAAAAAAA---- and ACVR2A_GRCh37_2:148683686-148683693_Frame-Shift-Del-DEL-AAAAAAAA---- and TCF7L2_GRCh37_10:114925317-114925325_In-Frame-Del-DEL-AAAAAAAAA----,MSH3_GRCh37_5:79970915-79970922_Frame-Shift-Del-DEL-AAAAAAAA----,0.09375,0.75,0.0703125,3
TGFBR2_GRCh37_3:30691872-30691881_Frame-Shift-Del-DEL-AAAAAAAAAA---- and ACVR2A_GRCh37_2:148683686-148683693_Frame-Shift-Del-DEL-AAAAAAAA---- and MBD4_GRCh37_3:129155548-129155557_Frame-Shift-Del-DEL-TTTTTTTTTT----,GRB14_GRCh37_2:165365288-165365296_In-Frame-Del-DEL-TTTTTTTTT----,0.09375,0.75,0.0703125,3
AIM2_GRCh37_1:159032487-159032496_Frame-Shift-Del-DEL-TTTTTTTTTT---- and TCF7L2_GRCh37_10:114925317-114925325_In-Frame-Del-DEL-AAAAAAAAA---- and TGFBR2_GRCh37_3:30691872-30691881_Frame-Shift-Del-DEL-AAAAAAAAAA----,RAD50_GRCh37_5:131931452-131931460_In-Frame-Del-DEL-AAAAAAAAA----,0.09375,0.75,0.0703125,3
AIM2_GRCh37_1:159032487-159032496_Frame-Shift-Del-DEL-TTTTTTTTTT---- and TCF7L2_GRCh37_10:114925317-114925325_In-Frame-Del-DEL-AAAAAAAAA---- and TGFBR2_GRCh37_3:30691872-30691881_Frame-Shift-Del-DEL-AAAAAAAAAA----,MSH3_GRCh37_5:79970915-79970922_Frame-Shift-Del-DEL-AAAAAAAA----,0.09375,0.75,0.0703125,3
AIM2_GRCh37_1:159032487-159032496_Frame-Shift-Del-DEL-TTTTTTTTTT---- and TCF7L2_GRCh37_10:114925317-114925325_In-Frame-Del-DEL-AAAAAAAAA---- and BRAF_GRCh37_7:140453136-140453136_Missense-Mutation-SNP-A-A-T_Missense-Mutation-SNP-A-T-T,RAD50_GRCh37_5:131931452-131931460_In-Frame-Del-DEL-AAAAAAAAA----,0.09375,0.75,0.0703125,3
AIM2_GRCh37_1:159032487-159032496_Frame-Shift-Del-DEL-TTTTTTTTTT---- and TCF7L2_GRCh37_10:114925317-114925325_In-Frame-Del-DEL-AAAAAAAAA---- and BRAF_GRCh37_7:140453136-140453136_Missense-Mutation-SNP-A-A-T_Missense-Mutation-SNP-A-T-T,MSH3_GRCh37_5:79970915-79970922_Frame-Shift-Del-DEL-AAAAAAAA----,0.09375,0.75,0.0703125,3
TCF7L2_GRCh37_10:114925317-114925325_In-Frame-Del-DEL-AAAAAAAAA---- and AIM2_GRCh37_1:159032487-159032496_Frame-Shift-Del-DEL-TTTTTTTTTT---- and TGFBR2_GRCh37_3:30691872-30691881_Frame-Shift-Del-DEL-AAAAAAAAAA----,RAD50_GRCh37_5:131931452-131931460_In-Frame-Del-DEL-AAAAAAAAA----,0.09375,0.75,0.0703125,3
TCF7L2_GRCh37_10:114925317-114925325_In-Frame-Del-DEL-AAAAAAAAA---- and AIM2_GRCh37_1:159032487-159032496_Frame-Shift-Del-DEL-TTTTTTTTTT---- and TGFBR2_GRCh37_3:30691872-30691881_Frame-Shift-Del-DEL-AAAAAAAAAA----,MSH3_GRCh37_5:79970915-79970922_Frame-Shift-Del-DEL-AAAAAAAA----,0.09375,0.75,0.0703125,3
TCF7L2_GRCh37_10:114925317-114925325_In-Frame-Del-DEL-AAAAAAAAA---- and AIM2_GRCh37_1:159032487-159032496_Frame-Shift-Del-DEL-TTTTTTTTTT---- and BRAF_GRCh37_7:140453136-140453136_Missense-Mutation-SNP-A-A-T_Missense-Mutation-SNP-A-T-T,RAD50_GRCh37_5:131931452-131931460_In-Frame-Del-DEL-AAAAAAAAA----,0.09375,0.75,0.0703125,3
TCF7L2_GRCh37_10:114925317-114925325_In-Frame-Del-DEL-AAAAAAAAA---- and AIM2_GRCh37_1:159032487-159032496_Frame-Shift-Del-DEL-TTTTTTTTTT---- and BRAF_GRCh37_7:140453136-140453136_Missense-Mutation-SNP-A-A-T_Missense-Mutation-SNP-A-T-T,MSH3_GRCh37_5:79970915-79970922_Frame-Shift-Del-DEL-AAAAAAAA----,0.09375,0.75,0.0703125,3
TGFBR2_GRCh37_3:30691872-30691881_Frame-Shift-Del-DEL-AAAAAAAAAA---- and TCF7L2_GRCh37_10:114925317-114925325_In-Frame-Del-DEL-AAAAAAAAA---- and AIM2_GRCh37_1:159032487-159032496_Frame-Shift-Del-DEL-TTTTTTTTTT----,RAD50_GRCh37_5:131931452-131931460_In-Frame-Del-DEL-AAAAAAAAA----,0.09375,0.75,0.0703125,3
TGFBR2_GRCh37_3:30691872-30691881_Frame-Shift-Del-DEL-AAAAAAAAAA---- and TCF7L2_GRCh37_10:114925317-114925325_In-Frame-Del-DEL-AAAAAAAAA---- and AIM2_GRCh37_1:159032487-159032496_Frame-Shift-Del-DEL-TTTTTTTTTT----,MSH3_GRCh37_5:79970915-79970922_Frame-Shift-Del-DEL-AAAAAAAA----,0.09375,0.75,0.0703125,3
TGFBR2_GRCh37_3:30691872-30691881_Frame-Shift-Del-DEL-AAAAAAAAAA---- and TCF7L2_GRCh37_10:114925317-114925325_In-Frame-Del-DEL-AAAAAAAAA---- and BRAF_GRCh37_7:140453136-140453136_Missense-Mutation-SNP-A-A-T_Missense-Mutation-SNP-A-T-T,RAD50_GRCh37_5:131931452-131931460_In-Frame-Del-DEL-AAAAAAAAA----,0.09375,0.75,0.0703125,3
TGFBR2_GRCh37_3:30691872-30691881_Frame-Shift-Del-DEL-AAAAAAAAAA---- and TCF7L2_GRCh37_10:114925317-114925325_In-Frame-Del-DEL-AAAAAAAAA---- and BRAF_GRCh37_7:140453136-140453136_Missense-Mutation-SNP-A-A-T_Missense-Mutation-SNP-A-T-T,MSH3_GRCh37_5:79970915-79970922_Frame-Shift-Del-DEL-AAAAAAAA----,0.09375,0.75,0.0703125,3
TCF7L2_GRCh37_10:114925317-114925325_In-Frame-Del-DEL-AAAAAAAAA---- and TGFBR2_GRCh37_3:30691872-30691881_Frame-Shift-Del-DEL-AAAAAAAAAA---- and AIM2_GRCh37_1:159032487-159032496_Frame-Shift-Del-DEL-TTTTTTTTTT----,RAD50_GRCh37_5:131931452-131931460_In-Frame-Del-DEL-AAAAAAAAA----,0.09375,0.75,0.0703125,3
TCF7L2_GRCh37_10:114925317-114925325_In-Frame-Del-DEL-AAAAAAAAA---- and TGFBR2_GRCh37_3:30691872-30691881_Frame-Shift-Del-DEL-AAAAAAAAAA---- and AIM2_GRCh37_1:159032487-159032496_Frame-Shift-Del-DEL-TTTTTTTTTT----,MSH3_GRCh37_5:79970915-79970922_Frame-Shift-Del-DEL-AAAAAAAA----,0.09375,0.75,0.0703125,3
TCF7L2_GRCh37_10:114925317-114925325_In-Frame-Del-DEL-AAAAAAAAA---- and TGFBR2_GRCh37_3:30691872-30691881_Frame-Shift-Del-DEL-AAAAAAAAAA---- and BRAF_GRCh37_7:140453136-140453136_Missense-Mutation-SNP-A-A-T_Missense-Mutation-SNP-A-T-T,RAD50_GRCh37_5:131931452-131931460_In-Frame-Del-DEL-AAAAAAAAA----,0.09375,0.75,0.0703125,3
TCF7L2_GRCh37_10:114925317-114925325_In-Frame-Del-DEL-AAAAAAAAA---- and TGFBR2_GRCh37_3:30691872-30691881_Frame-Shift-Del-DEL-AAAAAAAAAA---- and BRAF_GRCh37_7:140453136-140453136_Missense-Mutation-SNP-A-A-T_Missense-Mutation-SNP-A-T-T,MSH3_GRCh37_5:79970915-79970922_Frame-Shift-Del-DEL-AAAAAAAA----,0.09375,0.75,0.0703125,3
ACVR2A_GRCh37_2:148683686-148683693_Frame-Shift-Del-DEL-AAAAAAAA---- and TCF7L2_GRCh37_10:114925317-114925325_In-Frame-Del-DEL-AAAAAAAAA---- and TGFBR2_GRCh37_3:30691872-30691881_Frame-Shift-Del-DEL-AAAAAAAAAA----,RAD50_GRCh37_5:131931452-131931460_In-Frame-Del-DEL-AAAAAAAAA----,0.09375,0.75,0.0703125,3
ACVR2A_GRCh37_2:148683686-148683693_Frame-Shift-Del-DEL-AAAAAAAA---- and TCF7L2_GRCh37_10:114925317-114925325_In-Frame-Del-DEL-AAAAAAAAA---- and TGFBR2_GRCh37_3:30691872-30691881_Frame-Shift-Del-DEL-AAAAAAAAAA----,MSH3_GRCh37_5:79970915-79970922_Frame-Shift-Del-DEL-AAAAAAAA----,0.09375,0.75,0.0703125,3
ACVR2A_GRCh37_2:148683686-148683693_Frame-Shift-Del-DEL-AAAAAAAA---- and TCF7L2_GRCh37_10:114925317-114925325_In-Frame-Del-DEL-AAAAAAAAA---- and AIM2_GRCh37_1:159032487-159032496_Frame-Shift-Del-DEL-TTTTTTTTTT----,RAD50_GRCh37_5:131931452-131931460_In-Frame-Del-DEL-AAAAAAAAA----,0.09375,0.75,0.0703125,3
ACVR2A_GRCh37_2:148683686-148683693_Frame-Shift-Del-DEL-AAAAAAAA---- and TCF7L2_GRCh37_10:114925317-114925325_In-Frame-Del-DEL-AAAAAAAAA---- and AIM2_GRCh37_1:159032487-159032496_Frame-Shift-Del-DEL-TTTTTTTTTT----,MSH3_GRCh37_5:79970915-79970922_Frame-Shift-Del-DEL-AAAAAAAA----,0.09375,0.75,0.0703125,3
ACVR2A_GRCh37_2:148683686-148683693_Frame-Shift-Del-DEL-AAAAAAAA---- and TCF7L2_GRCh37_10:114925317-114925325_In-Frame-Del-DEL-AAAAAAAAA---- and BRAF_GRCh37_7:140453136-140453136_Missense-Mutation-SNP-A-A-T_Missense-Mutation-SNP-A-T-T,RAD50_GRCh37_5:131931452-131931460_In-Frame-Del-DEL-AAAAAAAAA----,0.09375,0.75,0.0703125,3
ACVR2A_GRCh37_2:148683686-148683693_Frame-Shift-Del-DEL-AAAAAAAA---- and TCF7L2_GRCh37_10:114925317-114925325_In-Frame-Del-DEL-AAAAAAAAA---- and BRAF_GRCh37_7:140453136-140453136_Missense-Mutation-SNP-A-A-T_Missense-Mutation-SNP-A-T-T,MSH3_GRCh37_5:79970915-79970922_Frame-Shift-Del-DEL-AAAAAAAA----,0.09375,0.75,0.0703125,3
TCF7L2_GRCh37_10:114925317-114925325_In-Frame-Del-DEL-AAAAAAAAA---- and ACVR2A_GRCh37_2:148683686-148683693_Frame-Shift-Del-DEL-AAAAAAAA---- and TGFBR2_GRCh37_3:30691872-30691881_Frame-Shift-Del-DEL-AAAAAAAAAA----,RAD50_GRCh37_5:131931452-131931460_In-Frame-Del-DEL-AAAAAAAAA----,0.09375,0.75,0.0703125,3
TCF7L2_GRCh37_10:114925317-114925325_In-Frame-Del-DEL-AAAAAAAAA---- and ACVR2A_GRCh37_2:148683686-148683693_Frame-Shift-Del-DEL-AAAAAAAA---- and TGFBR2_GRCh37_3:30691872-30691881_Frame-Shift-Del-DEL-AAAAAAAAAA----,MSH3_GRCh37_5:79970915-79970922_Frame-Shift-Del-DEL-AAAAAAAA----,0.09375,0.75,0.0703125,3
TCF7L2_GRCh37_10:114925317-114925325_In-Frame-Del-DEL-AAAAAAAAA---- and ACVR2A_GRCh37_2:148683686-148683693_Frame-Shift-Del-DEL-AAAAAAAA---- and AIM2_GRCh37_1:159032487-159032496_Frame-Shift-Del-DEL-TTTTTTTTTT----,RAD50_GRCh37_5:131931452-131931460_In-Frame-Del-DEL-AAAAAAAAA----,0.09375,0.75,0.0703125,3
TCF7L2_GRCh37_10:114925317-114925325_In-Frame-Del-DEL-AAAAAAAAA---- and ACVR2A_GRCh37_2:148683686-148683693_Frame-Shift-Del-DEL-AAAAAAAA---- and AIM2_GRCh37_1:159032487-159032496_Frame-Shift-Del-DEL-TTTTTTTTTT----,MSH3_GRCh37_5:79970915-79970922_Frame-Shift-Del-DEL-AAAAAAAA----,0.09375,0.75,0.0703125,3
TCF7L2_GRCh37_10:114925317-114925325_In-Frame-Del-DEL-AAAAAAAAA---- and ACVR2A_GRCh37_2:148683686-148683693_Frame-Shift-Del-DEL-AAAAAAAA---- and BRAF_GRCh37_7:140453136-140453136_Missense-Mutation-SNP-A-A-T_Missense-Mutation-SNP-A-T-T,RAD50_GRCh37_5:131931452-131931460_In-Frame-Del-DEL-AAAAAAAAA----,0.09375,0.75,0.0703125,3
TCF7L2_GRCh37_10:114925317-114925325_In-Frame-Del-DEL-AAAAAAAAA---- and ACVR2A_GRCh37_2:148683686-148683693_Frame-Shift-Del-DEL-AAAAAAAA---- and BRAF_GRCh37_7:140453136-140453136_Missense-Mutation-SNP-A-A-T_Missense-Mutation-SNP-A-T-T,MSH3_GRCh37_5:79970915-79970922_Frame-Shift-Del-DEL-AAAAAAAA----,0.09375,0.75,0.0703125,3
BRAF_GRCh37_7:140453136-140453136_Missense-Mutation-SNP-A-A-T_Missense-Mutation-SNP-A-T-T and AIM2_GRCh37_1:159032487-159032496_Frame-Shift-Del-DEL-TTTTTTTTTT---- and TGFBR2_GRCh37_3:30691872-30691881_Frame-Shift-Del-DEL-AAAAAAAAAA----,RAD50_GRCh37_5:131931452-131931460_In-Frame-Del-DEL-AAAAAAAAA----,0.09375,0.75,0.0703125,3
BRAF_GRCh37_7:140453136-140453136_Missense-Mutation-SNP-A-A-T_Missense-Mutation-SNP-A-T-T and AIM2_GRCh37_1:159032487-159032496_Frame-Shift-Del-DEL-TTTTTTTTTT---- and TGFBR2_GRCh37_3:30691872-30691881_Frame-Shift-Del-DEL-AAAAAAAAAA----,MSH3_GRCh37_5:79970915-79970922_Frame-Shift-Del-DEL-AAAAAAAA----,0.09375,0.75,0.0703125,3
BRAF_GRCh37_7:140453136-140453136_Missense-Mutation-SNP-A-A-T_Missense-Mutation-SNP-A-T-T and AIM2_GRCh37_1:159032487-159032496_Frame-Shift-Del-DEL-TTTTTTTTTT---- and TCF7L2_GRCh37_10:114925317-114925325_In-Frame-Del-DEL-AAAAAAAAA----,RAD50_GRCh37_5:131931452-131931460_In-Frame-Del-DEL-AAAAAAAAA----,0.09375,0.75,0.0703125,3
BRAF_GRCh37_7:140453136-140453136_Missense-Mutation-SNP-A-A-T_Missense-Mutation-SNP-A-T-T and AIM2_GRCh37_1:159032487-159032496_Frame-Shift-Del-DEL-TTTTTTTTTT---- and TCF7L2_GRCh37_10:114925317-114925325_In-Frame-Del-DEL-AAAAAAAAA----,MSH3_GRCh37_5:79970915-79970922_Frame-Shift-Del-DEL-AAAAAAAA----,0.09375,0.75,0.0703125,3
BRAF_GRCh37_7:140453136-140453136_Missense-Mutation-SNP-A-A-T_Missense-Mutation-SNP-A-T-T and AIM2_GRCh37_1:159032487-159032496_Frame-Shift-Del-DEL-TTTTTTTTTT---- and MSH3_GRCh37_5:79970915-79970922_Frame-Shift-Del-DEL-AAAAAAAA----,TGFBR2_GRCh37_3:30691872-30691881_Frame-Shift-Del-DEL-AAAAAAAAAA----,0.09375,0.75,0.0703125,3
BRAF_GRCh37_7:140453136-140453136_Missense-Mutation-SNP-A-A-T_Missense-Mutation-SNP-A-T-T and AIM2_GRCh37_1:159032487-159032496_Frame-Shift-Del-DEL-TTTTTTTTTT---- and MSH3_GRCh37_5:79970915-79970922_Frame-Shift-Del-DEL-AAAAAAAA----,TCF7L2_GRCh37_10:114925317-114925325_In-Frame-Del-DEL-AAAAAAAAA----,0.09375,0.75,0.0703125,3
AIM2_GRCh37_1:159032487-159032496_Frame-Shift-Del-DEL-TTTTTTTTTT---- and BRAF_GRCh37_7:140453136-140453136_Missense-Mutation-SNP-A-A-T_Missense-Mutation-SNP-A-T-T and TGFBR2_GRCh37_3:30691872-30691881_Frame-Shift-Del-DEL-AAAAAAAAAA----,RAD50_GRCh37_5:131931452-131931460_In-Frame-Del-DEL-AAAAAAAAA----,0.09375,0.75,0.0703125,3
AIM2_GRCh37_1:159032487-159032496_Frame-Shift-Del-DEL-TTTTTTTTTT---- and BRAF_GRCh37_7:140453136-140453136_Missense-Mutation-SNP-A-A-T_Missense-Mutation-SNP-A-T-T and TGFBR2_GRCh37_3:30691872-30691881_Frame-Shift-Del-DEL-AAAAAAAAAA----,MSH3_GRCh37_5:79970915-79970922_Frame-Shift-Del-DEL-AAAAAAAA----,0.09375,0.75,0.0703125,3
AIM2_GRCh37_1:159032487-159032496_Frame-Shift-Del-DEL-TTTTTTTTTT---- and BRAF_GRCh37_7:140453136-140453136_Missense-Mutation-SNP-A-A-T_Missense-Mutation-SNP-A-T-T and TCF7L2_GRCh37_10:114925317-114925325_In-Frame-Del-DEL-AAAAAAAAA----,RAD50_GRCh37_5:131931452-131931460_In-Frame-Del-DEL-AAAAAAAAA----,0.09375,0.75,0.0703125,3
AIM2_GRCh37_1:159032487-159032496_Frame-Shift-Del-DEL-TTTTTTTTTT---- and BRAF_GRCh37_7:140453136-140453136_Missense-Mutation-SNP-A-A-T_Missense-Mutation-SNP-A-T-T and TCF7L2_GRCh37_10:114925317-114925325_In-Frame-Del-DEL-AAAAAAAAA----,MSH3_GRCh37_5:79970915-79970922_Frame-Shift-Del-DEL-AAAAAAAA----,0.09375,0.75,0.0703125,3
AIM2_GRCh37_1:159032487-159032496_Frame-Shift-Del-DEL-TTTTTTTTTT---- and BRAF_GRCh37_7:140453136-140453136_Missense-Mutation-SNP-A-A-T_Missense-Mutation-SNP-A-T-T and MSH3_GRCh37_5:79970915-79970922_Frame-Shift-Del-DEL-AAAAAAAA----,TGFBR2_GRCh37_3:30691872-30691881_Frame-Shift-Del-DEL-AAAAAAAAAA----,0.09375,0.75,0.0703125,3
AIM2_GRCh37_1:159032487-159032496_Frame-Shift-Del-DEL-TTTTTTTTTT---- and BRAF_GRCh37_7:140453136-140453136_Missense-Mutation-SNP-A-A-T_Missense-Mutation-SNP-A-T-T and MSH3_GRCh37_5:79970915-79970922_Frame-Shift-Del-DEL-AAAAAAAA----,TCF7L2_GRCh37_10:114925317-114925325_In-Frame-Del-DEL-AAAAAAAAA----,0.09375,0.75,0.0703125,3
PRDM2_GRCh37_1:14108749-14108757_In-Frame-Del-DEL-AAAAAAAAA----,HMMR_GRCh37_5:162917426-162917434_In-Frame-Del-DEL-AAAAAAAAA----,0.09375,0.6,0.056249999999999994,3
HMMR_GRCh37_5:162917426-162917434_In-Frame-Del-DEL-AAAAAAAAA----,PRDM2_GRCh37_1:14108749-14108757_In-Frame-Del-DEL-AAAAAAAAA----,0.09375,0.6,0.056249999999999994,3
ACVR2A_GRCh37_2:148683686-148683693_Frame-Shift-Del-DEL-AAAAAAAA---- and TGFBR2_GRCh37_3:30691872-30691881_Frame-Shift-Del-DEL-AAAAAAAAAA---- and MSH3_GRCh37_5:79970915-79970922_Frame-Shift-Del-DEL-AAAAAAAA----,AIM2_GRCh37_1:159032487-159032496_Frame-Shift-Del-DEL-TTTTTTTTTT----,0.09375,0.6,0.056249999999999994,3
ACVR2A_GRCh37_2:148683686-148683693_Frame-Shift-Del-DEL-AAAAAAAA---- and TGFBR2_GRCh37_3:30691872-30691881_Frame-Shift-Del-DEL-AAAAAAAAAA---- and MSH3_GRCh37_5:79970915-79970922_Frame-Shift-Del-DEL-AAAAAAAA----,TCF7L2_GRCh37_10:114925317-114925325_In-Frame-Del-DEL-AAAAAAAAA----,0.09375,0.6,0.056249999999999994,3
ACVR2A_GRCh37_2:148683686-148683693_Frame-Shift-Del-DEL-AAAAAAAA---- and TGFBR2_GRCh37_3:30691872-30691881_Frame-Shift-Del-DEL-AAAAAAAAAA---- and MSH3_GRCh37_5:79970915-79970922_Frame-Shift-Del-DEL-AAAAAAAA----,HMMR_GRCh37_5:162917426-162917434_In-Frame-Del-DEL-AAAAAAAAA----,0.09375,0.6,0.056249999999999994,3
ACVR2A_GRCh37_2:148683686-148683693_Frame-Shift-Del-DEL-AAAAAAAA---- and TGFBR2_GRCh37_3:30691872-30691881_Frame-Shift-Del-DEL-AAAAAAAAAA---- and GRB14_GRCh37_2:165365288-165365296_In-Frame-Del-DEL-TTTTTTTTT----,MBD4_GRCh37_3:129155548-129155557_Frame-Shift-Del-DEL-TTTTTTTTTT----,0.09375,0.6,0.056249999999999994,3
ACVR2A_GRCh37_2:148683686-148683693_Frame-Shift-Del-DEL-AAAAAAAA---- and TGFBR2_GRCh37_3:30691872-30691881_Frame-Shift-Del-DEL-AAAAAAAAAA---- and GRB14_GRCh37_2:165365288-165365296_In-Frame-Del-DEL-TTTTTTTTT----,BRAF_GRCh37_7:140453136-140453136_Missense-Mutation-SNP-A-A-T_Missense-Mutation-SNP-A-T-T,0.09375,0.6,0.056249999999999994,3
TGFBR2_GRCh37_3:30691872-30691881_Frame-Shift-Del-DEL-AAAAAAAAAA---- and ACVR2A_GRCh37_2:148683686-148683693_Frame-Shift-Del-DEL-AAAAAAAA---- and MSH3_GRCh37_5:79970915-79970922_Frame-Shift-Del-DEL-AAAAAAAA----,AIM2_GRCh37_1:159032487-159032496_Frame-Shift-Del-DEL-TTTTTTTTTT----,0.09375,0.6,0.056249999999999994,3
TGFBR2_GRCh37_3:30691872-30691881_Frame-Shift-Del-DEL-AAAAAAAAAA---- and ACVR2A_GRCh37_2:148683686-148683693_Frame-Shift-Del-DEL-AAAAAAAA---- and MSH3_GRCh37_5:79970915-79970922_Frame-Shift-Del-DEL-AAAAAAAA----,TCF7L2_GRCh37_10:114925317-114925325_In-Frame-Del-DEL-AAAAAAAAA----,0.09375,0.6,0.056249999999999994,3
TGFBR2_GRCh37_3:30691872-30691881_Frame-Shift-Del-DEL-AAAAAAAAAA---- and ACVR2A_GRCh37_2:148683686-148683693_Frame-Shift-Del-DEL-AAAAAAAA---- and MSH3_GRCh37_5:79970915-79970922_Frame-Shift-Del-DEL-AAAAAAAA----,HMMR_GRCh37_5:162917426-162917434_In-Frame-Del-DEL-AAAAAAAAA----,0.09375,0.6,0.056249999999999994,3
TGFBR2_GRCh37_3:30691872-30691881_Frame-Shift-Del-DEL-AAAAAAAAAA---- and ACVR2A_GRCh37_2:148683686-148683693_Frame-Shift-Del-DEL-AAAAAAAA---- and GRB14_GRCh37_2:165365288-165365296_In-Frame-Del-DEL-TTTTTTTTT----,MBD4_GRCh37_3:129155548-129155557_Frame-Shift-Del-DEL-TTTTTTTTTT----,0.09375,0.6,0.056249999999999994,3
TGFBR2_GRCh37_3:30691872-30691881_Frame-Shift-Del-DEL-AAAAAAAAAA---- and ACVR2A_GRCh37_2:148683686-148683693_Frame-Shift-Del-DEL-AAAAAAAA---- and GRB14_GRCh37_2:165365288-165365296_In-Frame-Del-DEL-TTTTTTTTT----,BRAF_GRCh37_7:140453136-140453136_Missense-Mutation-SNP-A-A-T_Missense-Mutation-SNP-A-T-T,0.09375,0.6,0.056249999999999994,3
RAD50_GRCh37_5:131931452-131931460_In-Frame-Del-DEL-AAAAAAAAA----,CASP5_GRCh37_11:104878041-104878050_Frame-Shift-Del-DEL-TTTTTTTTTT----,0.09375,0.5,0.046875,3
RAD50_GRCh37_5:131931452-131931460_In-Frame-Del-DEL-AAAAAAAAA----,TCF7L2_GRCh37_10:114925317-114925325_In-Frame-Del-DEL-AAAAAAAAA----,0.09375,0.5,0.046875,3
AIM2_GRCh37_1:159032487-159032496_Frame-Shift-Del-DEL-TTTTTTTTTT----,ATR_GRCh37_3:142274740-142274749_Frame-Shift-Del-DEL-TTTTTTTTTT----,0.09375,0.5,0.046875,3
BRAF_GRCh37_7:140453136-140453136_Missense-Mutation-SNP-A-A-T_Missense-Mutation-SNP-A-T-T and AIM2_GRCh37_1:159032487-159032496_Frame-Shift-Del-DEL-TTTTTTTTTT----,RAD50_GRCh37_5:131931452-131931460_In-Frame-Del-DEL-AAAAAAAAA----,0.09375,0.5,0.046875,3
BRAF_GRCh37_7:140453136-140453136_Missense-Mutation-SNP-A-A-T_Missense-Mutation-SNP-A-T-T and AIM2_GRCh37_1:159032487-159032496_Frame-Shift-Del-DEL-TTTTTTTTTT----,ATR_GRCh37_3:142274740-142274749_Frame-Shift-Del-DEL-TTTTTTTTTT----,0.09375,0.5,0.046875,3
AIM2_GRCh37_1:159032487-159032496_Frame-Shift-Del-DEL-TTTTTTTTTT---- and BRAF_GRCh37_7:140453136-140453136_Missense-Mutation-SNP-A-A-T_Missense-Mutation-SNP-A-T-T,RAD50_GRCh37_5:131931452-131931460_In-Frame-Del-DEL-AAAAAAAAA----,0.09375,0.5,0.046875,3
AIM2_GRCh37_1:159032487-159032496_Frame-Shift-Del-DEL-TTTTTTTTTT---- and BRAF_GRCh37_7:140453136-140453136_Missense-Mutation-SNP-A-A-T_Missense-Mutation-SNP-A-T-T,ATR_GRCh37_3:142274740-142274749_Frame-Shift-Del-DEL-TTTTTTTTTT----,0.09375,0.5,0.046875,3
ACVR2A_GRCh37_2:148683686-148683693_Frame-Shift-Del-DEL-AAAAAAAA---- and TGFBR2_GRCh37_3:30691872-30691881_Frame-Shift-Del-DEL-AAAAAAAAAA---- and BRAF_GRCh37_7:140453136-140453136_Missense-Mutation-SNP-A-A-T_Missense-Mutation-SNP-A-T-T,RAD50_GRCh37_5:131931452-131931460_In-Frame-Del-DEL-AAAAAAAAA----,0.09375,0.42857142857142855,0.040178571428571425,3
ACVR2A_GRCh37_2:148683686-148683693_Frame-Shift-Del-DEL-AAAAAAAA---- and TGFBR2_GRCh37_3:30691872-30691881_Frame-Shift-Del-DEL-AAAAAAAAAA---- and BRAF_GRCh37_7:140453136-140453136_Missense-Mutation-SNP-A-A-T_Missense-Mutation-SNP-A-T-T,PIK3CA_GRCh37_3:178952085-178952085_Missense-Mutation-SNP-A-G-G,0.09375,0.42857142857142855,0.040178571428571425,3
ACVR2A_GRCh37_2:148683686-148683693_Frame-Shift-Del-DEL-AAAAAAAA---- and TGFBR2_GRCh37_3:30691872-30691881_Frame-Shift-Del-DEL-AAAAAAAAAA---- and BRAF_GRCh37_7:140453136-140453136_Missense-Mutation-SNP-A-A-T_Missense-Mutation-SNP-A-T-T,GRB14_GRCh37_2:165365288-165365296_In-Frame-Del-DEL-TTTTTTTTT----,0.09375,0.42857142857142855,0.040178571428571425,3
TGFBR2_GRCh37_3:30691872-30691881_Frame-Shift-Del-DEL-AAAAAAAAAA---- and ACVR2A_GRCh37_2:148683686-148683693_Frame-Shift-Del-DEL-AAAAAAAA---- and BRAF_GRCh37_7:140453136-140453136_Missense-Mutation-SNP-A-A-T_Missense-Mutation-SNP-A-T-T,RAD50_GRCh37_5:131931452-131931460_In-Frame-Del-DEL-AAAAAAAAA----,0.09375,0.42857142857142855,0.040178571428571425,3
TGFBR2_GRCh37_3:30691872-30691881_Frame-Shift-Del-DEL-AAAAAAAAAA---- and ACVR2A_GRCh37_2:148683686-148683693_Frame-Shift-Del-DEL-AAAAAAAA---- and BRAF_GRCh37_7:140453136-140453136_Missense-Mutation-SNP-A-A-T_Missense-Mutation-SNP-A-T-T,PIK3CA_GRCh37_3:178952085-178952085_Missense-Mutation-SNP-A-G-G,0.09375,0.42857142857142855,0.040178571428571425,3
TGFBR2_GRCh37_3:30691872-30691881_Frame-Shift-Del-DEL-AAAAAAAAAA---- and ACVR2A_GRCh37_2:148683686-148683693_Frame-Shift-Del-DEL-AAAAAAAA---- and BRAF_GRCh37_7:140453136-140453136_Missense-Mutation-SNP-A-A-T_Missense-Mutation-SNP-A-T-T,GRB14_GRCh37_2:165365288-165365296_In-Frame-Del-DEL-TTTTTTTTT----,0.09375,0.42857142857142855,0.040178571428571425,3
ACVR2A_GRCh37_2:148683686-148683693_Frame-Shift-Del-DEL-AAAAAAAA---- and TGFBR2_GRCh37_3:30691872-30691881_Frame-Shift-Del-DEL-AAAAAAAAAA----,RAD50_GRCh37_5:131931452-131931460_In-Frame-Del-DEL-AAAAAAAAA----,0.09375,0.3,0.028124999999999997,3
ACVR2A_GRCh37_2:148683686-148683693_Frame-Shift-Del-DEL-AAAAAAAA---- and TGFBR2_GRCh37_3:30691872-30691881_Frame-Shift-Del-DEL-AAAAAAAAAA----,PIK3CA_GRCh37_3:178952085-178952085_Missense-Mutation-SNP-A-G-G,0.09375,0.3,0.028124999999999997,3
ACVR2A_GRCh37_2:148683686-148683693_Frame-Shift-Del-DEL-AAAAAAAA---- and TGFBR2_GRCh37_3:30691872-30691881_Frame-Shift-Del-DEL-AAAAAAAAAA----,HMMR_GRCh37_5:162917426-162917434_In-Frame-Del-DEL-AAAAAAAAA----,0.09375,0.3,0.028124999999999997,3
ACVR2A_GRCh37_2:148683686-148683693_Frame-Shift-Del-DEL-AAAAAAAA---- and TGFBR2_GRCh37_3:30691872-30691881_Frame-Shift-Del-DEL-AAAAAAAAAA----,ATR_GRCh37_3:142274740-142274749_Frame-Shift-Del-DEL-TTTTTTTTTT----,0.09375,0.3,0.028124999999999997,3
TGFBR2_GRCh37_3:30691872-30691881_Frame-Shift-Del-DEL-AAAAAAAAAA---- and ACVR2A_GRCh37_2:148683686-148683693_Frame-Shift-Del-DEL-AAAAAAAA----,RAD50_GRCh37_5:131931452-131931460_In-Frame-Del-DEL-AAAAAAAAA----,0.09375,0.3,0.028124999999999997,3
TGFBR2_GRCh37_3:30691872-30691881_Frame-Shift-Del-DEL-AAAAAAAAAA---- and ACVR2A_GRCh37_2:148683686-148683693_Frame-Shift-Del-DEL-AAAAAAAA----,PIK3CA_GRCh37_3:178952085-178952085_Missense-Mutation-SNP-A-G-G,0.09375,0.3,0.028124999999999997,3
TGFBR2_GRCh37_3:30691872-30691881_Frame-Shift-Del-DEL-AAAAAAAAAA---- and ACVR2A_GRCh37_2:148683686-148683693_Frame-Shift-Del-DEL-AAAAAAAA----,HMMR_GRCh37_5:162917426-162917434_In-Frame-Del-DEL-AAAAAAAAA----,0.09375,0.3,0.028124999999999997,3
TGFBR2_GRCh37_3:30691872-30691881_Frame-Shift-Del-DEL-AAAAAAAAAA---- and ACVR2A_GRCh37_2:148683686-148683693_Frame-Shift-Del-DEL-AAAAAAAA----,ATR_GRCh37_3:142274740-142274749_Frame-Shift-Del-DEL-TTTTTTTTTT----,0.09375,0.3,0.028124999999999997,3
